account_number,billing_fk,negotiated_rate_ID_fk,mailing_address_ID_fk,first_name,last_name,phone_no
"1","1","1","1","Esther","Fondren","923-532-7428"
"2","2","308","2","Margaret","Kornreich","699-680-9496"
"3","3","229","3","Michael","Harada","254-044-4468"
"4","4","1","4","Mary","Stanfield","985-503-2695"
"5","5","1","5","Rodney","Coleman","684-777-6475"
"6","6","337","6","Michael","Mann","432-017-5005"
"7","7","278","7","Harvey","Potter","889-213-2640"
"8","8","1","8","Anthony","Werk","603-307-2961"
"9","9","314","9","Thomas","Rose","479-402-7452"
"10","10","9","10","Garrett","Burnell","244-503-5129"
"11","11","1","11","Amy","Johnson","101-084-8853"
"12","12","99","12","Matthew","Sinstack","194-748-7125"
"13","13","210","13","Harry","Tichenor","994-232-3944"
"14","14","28","14","Steven","Fletcher","725-176-0977"
"15","15","369","15","Doris","Davis","451-145-8449"
"16","16","75","16","Katie","Morrison","854-546-7360"
"17","17","33","17","Toni","Edmondson","323-538-6322"
"18","18","165","18","Yolanda","James","201-122-5221"
"19","19","1","19","Sabrina","Kimura","872-217-6290"
"20","20","174","20","Norman","Arrants","639-445-8212"
"21","21","186","21","Sam","Elder","646-517-8741"
"22","22","166","22","Sherry","Davis","482-752-9715"
"23","23","95","23","Brandon","Price","515-276-1164"
"24","24","27","24","Jane","Beadle","499-335-4741"
"25","25","321","25","Elizabeth","Keogh","821-764-6824"
"26","26","1","26","Wayne","Sanchez","362-188-5414"
"27","27","185","27","Walker","Colwell","361-051-0693"
"28","28","274","28","Shirley","Warren","112-211-1767"
"29","29","364","29","Christine","Gilliam","806-553-4636"
"30","30","1","30","Robert","Boling","959-776-9854"
"31","31","332","31","Brandon","Morris","676-734-1510"
"32","32","1","32","Freddie","Joseph","976-646-9611"
"33","33","1","33","Mary","Zaccaria","387-214-3445"
"34","34","83","34","Sam","Green","975-811-1067"
"35","35","123","35","Lisa","Chisolm","889-725-8642"
"36","36","1","36","Kay","Dininno","588-330-3483"
"37","37","16","37","Lani","Perdue","472-238-7882"
"38","38","353","38","Barry","Brown","381-767-4057"
"39","39","220","39","Bert","Goodman","503-157-1818"
"40","40","1","40","Gerard","Casper","334-353-8434"
"41","41","1","41","Susan","Rundell","839-557-8311"
"42","42","121","42","Shirlene","Paolucci","933-424-2627"
"43","43","317","43","Barbara","Adams","453-685-6578"
"44","44","1","44","Irma","Beck","816-106-9251"
"45","45","30","45","Martin","Regis","658-717-9608"
"46","46","1","46","Andrea","Smith","776-475-9343"
"47","47","67","47","Ruby","Ryan","700-585-3318"
"48","48","1","48","John","Kauffman","869-164-8815"
"49","49","1","49","Gregory","Wolf","266-627-9321"
"50","50","264","50","Lois","Bagley","241-620-8570"
"51","51","7","51","Fernando","Kenner","560-868-6614"
"52","52","223","52","Cheryl","Bailey","716-043-8624"
"53","53","1","53","Moses","Hise","800-033-9625"
"54","54","1","54","Dorothy","Williams","802-502-5123"
"55","55","197","55","Benito","Hapke","985-133-5954"
"56","56","81","56","William","Giles","879-443-1089"
"57","57","349","57","Gary","Spriggs","722-483-9635"
"58","58","66","58","Jose","Cybulski","127-165-9539"
"59","59","1","59","Manuel","Helton","983-403-1062"
"60","60","97","60","Melvin","Villalpando","139-500-1217"
"61","61","149","61","Jessica","Ness","374-813-6394"
"62","62","399","62","Helen","Banks","251-224-6446"
"63","63","258","63","Pamela","Kirk","521-355-0564"
"64","64","1","64","Lillie","Schwartz","679-821-8971"
"65","65","57","65","Alma","Freeman","926-301-5173"
"66","66","311","66","Christopher","Wilbur","395-022-8091"
"67","67","140","67","Katherine","Shafer","644-157-4340"
"68","68","172","68","Craig","Peeden","299-130-2531"
"69","69","49","69","Barbara","Raymond","366-254-4343"
"70","70","276","70","Margaret","Mays","695-734-7498"
"71","71","1","71","James","Vinson","127-076-5105"
"72","72","218","72","Krista","Walker","674-731-2213"
"73","73","151","73","Maria","Tiley","857-262-9144"
"74","74","1","74","Charles","Ford","472-523-8805"
"75","75","207","75","Salvador","Coats","753-004-7553"
"76","76","233","76","Savanna","Tomilson","573-710-0004"
"77","77","199","77","Dwight","Lampman","100-468-1781"
"78","78","180","78","Wendy","Morris","816-780-7990"
"79","79","287","79","Marla","Downs","147-651-5243"
"80","80","43","80","Sue","Seiberling","786-727-7104"
"81","81","126","81","James","Ramirez","106-358-3905"
"82","82","1","82","Laurie","Roberts","549-265-8826"
"83","83","1","83","Jerry","Degarmo","259-002-8820"
"84","84","1","84","Glen","Padilla","536-088-2441"
"85","85","305","85","Michael","Schulweis","498-505-9463"
"86","86","153","86","Ellen","Stotts","465-443-6521"
"87","87","92","87","Ken","Barker","339-846-8097"
"88","88","2","88","Roland","Scott","774-861-1947"
"89","89","294","89","Carmen","Hall","310-323-0284"
"90","90","1","90","Linda","Clay","249-508-9232"
"91","91","1","91","Joseph","Copeland","948-006-6964"
"92","92","225","92","Douglas","Aldrich","393-523-8687"
"93","93","1","93","Natalie","Zigmond","502-007-6259"
"94","94","397","94","Louise","Gaines","732-550-1097"
"95","95","47","95","Charles","Pockrus","782-733-0272"
"96","96","339","96","Jared","James","652-883-2374"
"97","97","12","97","Joe","Beasley","783-553-1996"
"98","98","1","98","Lela","George","960-031-1207"
"99","99","368","99","Laurie","Crow","739-741-7358"
"100","100","279","100","Steve","Stapleton","278-446-7349"
"101","101","136","101","Clarence","Wright","594-685-0720"
"102","102","1","102","Earl","Halsema","682-582-8067"
"103","103","3","103","Betty","Swilling","875-364-4162"
"104","104","382","104","William","Hagen","957-151-2246"
"105","105","221","105","Mary","Wynn","565-665-6581"
"106","106","202","106","Kyle","Mcgee","436-102-3391"
"107","107","1","107","Benjamin","Hunt","635-318-3659"
"108","108","300","108","Darla","Merida","609-232-5316"
"109","109","241","109","Annette","Harper","848-440-9703"
"110","110","98","110","Robert","Blanc","982-284-3066"
"111","111","1","111","Betty","Villatoro","801-557-7414"
"112","112","370","112","Stephen","Nichols","143-585-4970"
"113","113","392","113","Kandice","Cortez","200-666-6067"
"114","114","380","114","John","Riley","502-551-2251"
"115","115","354","115","Joyce","Etheridge","420-165-2517"
"116","116","122","116","Christina","Blacker","749-653-4749"
"117","117","217","117","Desiree","Murphy","440-643-4145"
"118","118","36","118","Stephen","Brown","430-626-1931"
"119","119","1","119","Howard","Kirkland","945-424-0777"
"120","120","1","120","Paula","Roseberry","833-237-6085"
"121","121","1","121","Araceli","Ward","706-743-1025"
"122","122","398","122","Daryl","Harper","851-054-1061"
"123","123","1","123","Paul","Sword","365-102-8998"
"124","124","128","124","Rodney","Blosser","845-418-0242"
"125","125","96","125","Monica","Riley","752-221-2657"
"126","126","235","126","John","Rempe","674-414-9773"
"127","127","38","127","Lillie","Hess","714-414-0993"
"128","128","263","128","Keren","Przedwiecki","912-633-5666"
"129","129","139","129","Douglas","Whitten","979-336-5956"
"130","130","297","130","Dolores","Salazar","596-705-5355"
"131","131","159","131","Rosemary","Golden","697-524-9934"
"132","132","296","132","Jean","Palmer","921-811-8811"
"133","133","387","133","Barbara","Davis","165-557-8478"
"134","134","164","134","Anthony","Sumbry","385-601-9392"
"135","135","148","135","Bianca","Barnes","877-314-8760"
"136","136","133","136","Deangelo","Beach","310-354-8378"
"137","137","71","137","Erica","Douglas","473-315-1627"
"138","138","342","138","Noel","Doyle","945-742-1060"
"139","139","262","139","Nicolas","Gallo","627-570-0138"
"140","140","313","140","Anne","Brown","734-401-9425"
"141","141","1","141","Nicole","Galindo","875-372-5561"
"142","142","1","142","Christian","Martinez","935-484-3550"
"143","143","400","143","Marjorie","Sipp","828-125-1305"
"144","144","64","144","Robert","Doucet","140-377-9486"
"145","145","206","145","Holly","Elwood","747-664-9417"
"146","146","1","146","Stephanie","Fortuna","207-243-7121"
"147","147","1","147","Antonio","Roberson","581-310-9232"
"148","148","376","148","Donald","Gober","743-076-9137"
"149","149","45","149","Amy","Dupont","752-404-5390"
"150","150","259","150","Nikki","Goebel","259-076-6169"
"151","151","108","151","Patricia","Bellas","801-122-7714"
"152","152","352","152","Denise","Haveman","848-730-9864"
"153","153","1","153","Michelle","Fountain","403-341-3979"
"154","154","379","154","Jeffrey","Lancaster","533-077-4387"
"155","155","187","155","Brandon","Correia","729-841-3540"
"156","156","158","156","Lauren","Leavitt","815-641-8731"
"157","157","213","157","Michael","Wampler","877-316-1855"
"158","158","62","158","Keesha","Nelson","457-742-3931"
"159","159","183","159","Jean","Mathews","664-842-5280"
"160","160","55","160","Lilly","Jensen","967-168-0249"
"161","161","86","161","Danny","Young","944-624-1894"
"162","162","125","162","Theresa","Barbara","212-461-7021"
"163","163","239","163","Jesse","Nadeau","533-010-0438"
"164","164","20","164","Sonya","Jenkins","503-155-4922"
"165","165","10","165","Curtis","Brown","325-864-9772"
"166","166","188","166","Patrick","Meagher","555-233-6070"
"167","167","347","167","Edward","Cunningham","198-038-1268"
"168","168","1","168","Willard","Moore","201-456-6411"
"169","169","196","169","Shannon","Dawson","199-307-5020"
"170","170","226","170","Hubert","Stromberg","715-868-8671"
"171","171","303","171","Joshua","Milligan","763-367-0018"
"172","172","335","172","Roy","Hoyt","800-244-0101"
"173","173","324","173","Margarita","Richard","748-713-6526"
"174","174","79","174","Roger","Jackson","357-687-7036"
"175","175","171","175","Anna","Drake","279-461-2194"
"176","176","1","176","Darryl","Rowell","863-208-0208"
"177","177","35","177","Ella","Amos","118-157-5878"
"178","178","344","178","Elenor","Venice","992-350-8001"
"179","179","88","179","Maria","Cummins","992-282-0603"
"180","180","105","180","Gregory","Hauff","758-050-2392"
"181","181","315","181","Adelaide","Schneider","105-153-3266"
"182","182","394","182","Karen","Follick","611-287-7913"
"183","183","1","183","Michelle","Freudenburg","375-652-4916"
"184","184","72","184","Deborah","Laflore","466-233-9289"
"185","185","252","185","Sharon","Valdez","238-762-5768"
"186","186","161","186","Marie","Peterson","928-235-3492"
"187","187","1","187","Marco","Yorke","960-120-8229"
"188","188","290","188","Andrew","Fredrick","653-408-6884"
"189","189","146","189","David","Toliver","601-716-7721"
"190","190","386","190","Samantha","Mason","540-374-2354"
"191","191","1","191","Guadalupe","Griffin","908-357-2765"
"192","192","1","192","Lee","Zuniga","525-668-8210"
"193","193","137","193","Jimmy","Johnson","475-840-7432"
"194","194","1","194","Roberto","Merkl","188-580-1517"
"195","195","1","195","Dawn","Wisdom","432-128-5935"
"196","196","266","196","Keith","Vaquera","989-805-5911"
"197","197","338","197","Robert","Harrell","423-071-8989"
"198","198","142","198","Charles","Pons","990-802-4072"
"199","199","1","199","Michael","Schell","978-302-6725"
"200","200","261","200","Sadie","Gonzalez","393-321-1750"
"201","201","244","201","Jason","Hardy","939-853-2910"
"202","202","243","202","John","Guadagno","480-260-3820"
"203","203","73","203","Adam","Svoboda","292-100-7705"
"204","204","1","204","Donald","Burgess","292-255-1092"
"205","205","1","205","Barbara","Wagner","826-517-2119"
"206","206","1","206","Rebecca","Mouton","681-063-7079"
"207","207","63","207","Mark","Noble","824-716-5160"
"208","208","343","208","Charles","Satterfield","847-640-3485"
"209","209","112","209","Rhonda","Kelly","151-447-6400"
"210","210","273","210","Jennifer","Kun","365-618-4760"
"211","211","1","211","Shela","Marshall","551-324-2085"
"212","212","285","212","Jonathan","Jones","329-743-9580"
"213","213","106","213","Carol","Miller","935-501-4767"
"214","214","29","214","Susan","Bell","247-783-8323"
"215","215","198","215","Mabel","Jackson","834-065-3472"
"216","216","168","216","Phyllis","Jones","885-243-2108"
"217","217","272","217","Bettie","Teegarden","235-132-9256"
"218","218","224","218","Charlotte","Avila","838-578-8108"
"219","219","286","219","Roland","Allen","225-443-9039"
"220","220","1","220","Michael","Barbour","666-141-8130"
"221","221","216","221","Paul","Lippert","268-441-5614"
"222","222","275","222","Dustin","Fatica","683-006-8793"
"223","223","119","223","Robert","Rascoe","898-075-0369"
"224","224","1","224","Ruben","Colon","313-482-2027"
"225","225","212","225","John","Ibarra","382-483-0469"
"226","226","1","226","Alfredo","Douglas","943-817-9179"
"227","227","31","227","Lavonda","Ortmann","299-423-0344"
"228","228","236","228","Micheal","Carpenter","136-232-7555"
"229","229","170","229","Wanda","Hays","239-247-4973"
"230","230","1","230","Martha","Guerrero","627-580-2911"
"231","231","100","231","Tommy","Johnson","361-056-4801"
"232","232","319","232","Brian","Gingras","188-723-7967"
"233","233","361","233","Troy","Thomas","952-836-2913"
"234","234","147","234","Ian","Ameduri","440-628-2160"
"235","235","1","235","Peggy","Johnson","397-505-0159"
"236","236","103","236","Christopher","Outen","915-602-7789"
"237","237","246","237","Margaret","Foster","329-705-8916"
"238","238","298","238","Lillian","Barnard","539-415-5559"
"239","239","24","239","Sara","Santarelli","643-776-7011"
"240","240","331","240","Kelly","Medina","952-686-6323"
"241","241","371","241","Sarah","Landry","690-486-1950"
"242","242","327","242","Larry","Schwab","126-662-9558"
"243","243","377","243","Sheldon","Raisley","930-110-8539"
"244","244","1","244","Frank","Hubble","597-746-9653"
"245","245","8","245","Julie","Lollis","334-730-9704"
"246","246","192","246","Loren","Doyle","380-356-2638"
"247","247","375","247","Ruby","Allen","539-020-3270"
"248","248","80","248","Scott","Fuselier","609-124-6079"
"249","249","385","249","Cheryl","Ramos","597-475-0556"
"250","250","1","250","Harold","Shaver","553-684-2654"
"251","251","1","251","Lisa","Quinn","161-635-9911"
"252","252","257","252","Allen","Mcghee","695-338-6965"
"253","253","175","253","Patricia","Holladay","744-156-2896"
"254","254","378","254","Joseph","Gough","228-360-5929"
"255","255","356","255","Joel","Tinney","663-504-6275"
"256","256","326","256","Molly","Barb","480-721-9584"
"257","257","189","257","Douglas","Hill","121-570-9030"
"258","258","109","258","Eugene","Mucciolo","921-237-1152"
"259","259","46","259","Corey","Crum","461-843-5344"
"260","260","1","260","Robert","Esqueda","563-677-6315"
"261","261","228","261","Deborah","Ojala","195-800-9236"
"262","262","191","262","Selena","Dodd","320-134-9241"
"263","263","281","263","David","Rhyne","317-245-9492"
"264","264","194","264","Ronnie","Crowe","484-314-4024"
"265","265","1","265","James","Cloud","762-421-4718"
"266","266","270","266","Dana","Molder","958-728-3940"
"267","267","1","267","Jacqueline","Mcmorris","322-150-9547"
"268","268","360","268","John","Kelly","494-018-6731"
"269","269","51","269","Teresa","Loughborough","143-120-1441"
"270","270","101","270","Pete","Holmes","188-654-9069"
"271","271","134","271","Rodney","Johnson","448-268-4460"
"272","272","1","272","Robert","Helle","523-542-1445"
"273","273","309","273","Eleanore","Whitt","587-767-2915"
"274","274","1","274","Casey","Coppin","926-028-9364"
"275","275","116","275","Scott","Fox","504-725-6677"
"276","276","32","276","Gerald","Garvey","849-070-1281"
"277","277","173","277","Luann","Priolo","443-123-4301"
"278","278","117","278","Timothy","Lentz","746-572-0304"
"279","279","1","279","Dolores","Seifert","160-478-3094"
"280","280","320","280","James","Calhoun","499-028-0023"
"281","281","209","281","Henrietta","Messina","214-578-6231"
"282","282","231","282","Jon","Moore","624-127-2836"
"283","283","1","283","Kristie","Porter","937-480-1266"
"284","284","1","284","Kathleen","Goodenow","536-362-7778"
"285","285","17","285","Denver","Jones","719-145-7649"
"286","286","1","286","Ronald","Guerra","462-633-1677"
"287","287","120","287","Micheal","Ford","590-357-4559"
"288","288","127","288","Jason","Mercardo","664-106-5382"
"289","289","292","289","Darla","Reid","649-313-6313"
"290","290","82","290","Patricia","Goodman","371-316-8936"
"291","291","1","291","Patsy","Hayes","540-857-0999"
"292","292","52","292","Arnold","Sheets","234-671-5671"
"293","293","260","293","John","White","507-056-5932"
"294","294","154","294","Irene","Moreno","344-573-9516"
"295","295","68","295","Rene","Nails","300-084-7016"
"296","296","1","296","Robert","Lucero","216-866-2296"
"297","297","6","297","Christopher","Lacy","524-561-3926"
"298","298","333","298","Richard","Holmes","484-378-4756"
"299","299","383","299","Michael","Skutt","962-185-8841"
"300","300","1","300","Kenneth","Szczepanek","735-027-3033"
"301","301","362","301","Guadalupe","Paez","973-012-2439"
"302","302","240","302","Kyle","Jordon","995-680-2596"
"303","303","358","303","Charlotte","Washington","395-748-5217"
"304","304","89","304","James","Watkins","130-650-4557"
"305","305","53","305","Pamela","Bonds","457-861-4685"
"306","306","238","306","Jake","Segura","586-688-7403"
"307","307","129","307","Lillian","Avallone","484-645-2608"
"308","308","70","308","Helen","Daquilante","234-238-7437"
"309","309","318","309","Dylan","Abrego","440-772-1359"
"310","310","85","310","Scott","Roundtree","952-276-3973"
"311","311","282","311","Shaun","Labranche","419-173-8284"
"312","312","1","312","Wendy","Cabaniss","825-636-8027"
"313","313","1","313","John","Wilson","128-321-6536"
"314","314","90","314","Melody","Stevens","917-102-7878"
"315","315","176","315","Matthew","Beall","334-541-7936"
"316","316","1","316","Charles","Mai","734-555-5895"
"317","317","234","317","Joseph","Wilson","502-082-4013"
"318","318","22","318","George","Thomas","445-462-1251"
"319","319","200","319","Kelly","Shreve","477-703-6299"
"320","320","250","320","Billie","Epperson","809-141-0123"
"321","321","1","321","Freeda","Payne","971-328-7252"
"322","322","1","322","Annie","Garrison","981-253-8889"
"323","323","395","323","Jacqueline","Boyd","783-036-3529"
"324","324","1","324","Robert","Faux","742-106-1123"
"325","325","113","325","Christopher","Longo","826-181-8685"
"326","326","34","326","Angela","Shelton","624-668-2470"
"327","327","1","327","Patricia","Gehling","545-221-2688"
"328","328","267","328","Elizabeth","Peterson","827-417-3316"
"329","329","74","329","Mildred","Herrera","806-872-5753"
"330","330","177","330","Jeffrey","Alley","747-268-8711"
"331","331","130","331","Cheryl","Altobell","140-312-8498"
"332","332","255","332","Holly","Reynolds","267-130-2967"
"333","333","1","333","Ellen","Guglielmi","828-017-8446"
"334","334","167","334","Daniel","Schrum","122-825-6134"
"335","335","1","335","Daniel","Aupperle","739-870-2690"
"336","336","1","336","June","Amigon","342-062-9412"
"337","337","1","337","Charles","Nattiah","965-760-9747"
"338","338","242","338","Sherri","Noel","788-643-0256"
"339","339","301","339","Gerald","Hook","119-624-2515"
"340","340","328","340","Bernice","Berdan","100-727-5424"
"341","341","4","341","Lisa","Rodriguez","515-223-5442"
"342","342","91","342","Aaron","Worth","368-618-8719"
"343","343","248","343","Deanna","Mares","762-365-9294"
"344","344","1","344","Angela","Hale","601-842-1028"
"345","345","48","345","Jeff","Phelps","765-712-9856"
"346","346","251","346","James","Reynolds","535-321-0647"
"347","347","249","347","Leonia","Cameron","541-863-4592"
"348","348","1","348","James","Hopkins","936-157-2532"
"349","349","111","349","Tamara","Wolfinger","513-276-7425"
"350","350","1","350","Nick","Layton","631-387-8398"
"351","351","1","351","Michelle","Soto","634-411-1841"
"352","352","211","352","Wilma","Contreras","443-215-0712"
"353","353","389","353","Theresa","Kostyla","112-254-4032"
"354","354","1","354","Bonita","Dejong","672-601-2260"
"355","355","169","355","Joe","Matson","204-520-0199"
"356","356","195","356","Emma","Smith","852-783-3336"
"357","357","350","357","Francisco","Schultz","295-145-0278"
"358","358","1","358","Dane","Cook","989-676-7871"
"359","359","145","359","Annie","Ruiz","715-245-1788"
"360","360","1","360","Norman","Michaud","749-434-9915"
"361","361","11","361","Ryan","Sangster","363-784-4590"
"362","362","365","362","David","Holloway","422-043-1352"
"363","363","5","363","Mary","Ruhl","966-286-1179"
"364","364","359","364","Robert","Hoyos","634-243-4842"
"365","365","269","365","Vanessa","Evans","645-217-6587"
"366","366","181","366","Claudine","Collazo","950-526-8795"
"367","367","1","367","Carolyn","Schenkel","603-303-4204"
"368","368","1","368","Joe","Cunningham","836-600-7626"
"369","369","78","369","Joey","Marzett","292-618-2019"
"370","370","1","370","Felton","Matthews","259-300-6223"
"371","371","118","371","Denny","Anzalone","603-600-3152"
"372","372","340","372","David","Yoder","748-055-1735"
"373","373","341","373","Betty","Guerra","805-477-6250"
"374","374","299","374","Adrienne","Frame","149-416-6905"
"375","375","381","375","Denise","Rusnak","248-830-9574"
"376","376","21","376","Cheryl","Ross","215-221-8955"
"377","377","316","377","Lisa","Chalifoux","660-121-2192"
"378","378","39","378","Jeffrey","Wedge","133-533-4787"
"379","379","56","379","Clayton","Lucius","607-638-0478"
"380","380","396","380","Virginia","Sprinkel","425-103-4772"
"381","381","237","381","Kathleen","Jones","793-070-9577"
"382","382","25","382","Martha","Webb","103-335-8722"
"383","383","346","383","Glenn","Reed","162-757-5178"
"384","384","1","384","Larry","Walker","982-325-9617"
"385","385","1","385","Lillie","Goodyear","587-760-2361"
"386","386","144","386","Donald","Hawker","268-274-3519"
"387","387","131","387","Don","Crayton","814-060-6629"
"388","388","69","388","Daryl","Fender","619-714-2839"
"389","389","372","389","Kristen","Bruce","793-402-3549"
"390","390","288","390","Joseph","Vazquez","460-860-7878"
"391","391","355","391","Gerald","Erwin","649-228-1134"
"392","392","132","392","Charles","Anderson","406-123-1942"
"393","393","37","393","Gabriel","Vanduzer","551-747-1025"
"394","394","306","394","Bruce","Mcpeak","595-536-7152"
"395","395","280","395","Mary","Johnson","948-844-3014"
"396","396","384","396","Margaret","Sanders","924-351-2366"
"397","397","179","397","Richard","Mccune","477-048-5385"
"398","398","284","398","Patricia","Washington","192-314-6016"
"399","399","54","399","Christina","Nunez","552-181-2490"
"400","400","203","400","Roberto","Scheller","976-116-7167"
"401","401","1","401","Brunilda","Swedlund","462-752-4342"
"402","402","41","402","Tina","Cuen","317-433-7359"
"403","403","245","403","Melissa","Teske","892-656-7031"
"404","404","1","404","Aaron","Hernandez","850-267-4654"
"405","405","115","405","Ella","Hughes","936-342-0214"
"406","406","366","406","Juan","Carlin","151-543-5466"
"407","407","1","407","Al","Payne","184-750-1866"
"408","408","367","408","Roberto","Arroyo","192-047-9574"
"409","409","373","409","Linn","Purtell","122-744-1642"
"410","410","141","410","Juliet","Wigley","234-387-4199"
"411","411","124","411","Bobbie","Eggleston","470-686-4885"
"412","412","94","412","Luis","Clement","882-557-4002"
"413","413","1","413","Joseph","Fortenberry","211-736-6029"
"414","414","325","414","Eleanor","Metheney","292-525-3441"
"415","415","351","415","Bryan","Heller","114-772-7613"
"416","416","388","416","Lois","Stever","159-837-1556"
"417","417","178","417","Patricia","Perna","183-825-3638"
"418","418","60","418","Sherry","Burns","246-016-8299"
"419","419","232","419","Brandi","Case","509-164-2035"
"420","420","156","420","Joe","Wood","141-421-2151"
"421","421","155","421","Louis","Reimer","837-484-8535"
"422","422","110","422","Ralph","Canales","498-674-7155"
"423","423","295","423","Patricia","Herceg","980-551-7778"
"424","424","310","424","Elsie","Meli","476-564-5893"
"425","425","230","425","Heidi","Grove","487-264-3844"
"426","426","76","426","Betty","Steen","385-376-5867"
"427","427","58","427","Andrew","Smith","114-276-4612"
"428","428","13","428","Benjamin","Arnold","963-702-3449"
"429","429","312","429","Larry","Tippets","455-370-9778"
"430","430","160","430","Michael","Nurse","751-428-0695"
"431","431","114","431","Peggy","Vergin","661-820-1644"
"432","432","1","432","Shannon","Horton","993-871-5412"
"433","433","205","433","Walter","Wells","204-538-5202"
"434","434","1","434","Ayanna","Allen","204-151-2660"
"435","435","1","435","Ann","Long","287-766-6069"
"436","436","1","436","Carol","Coleman","947-262-0200"
"437","437","143","437","George","Vahle","515-353-2558"
"438","438","357","438","Stella","Horton","795-514-1571"
"439","439","330","439","Paula","Jackson","120-171-2877"
"440","440","1","440","Phillip","Marie","475-154-9917"
"441","441","201","441","Manuel","Yancey","768-064-5195"
"442","442","190","442","Robert","Alvarez","969-418-8899"
"443","443","157","443","Kent","Bradley","233-124-0071"
"444","444","336","444","Ella","Packer","542-411-8027"
"445","445","61","445","Peter","Sanders","105-254-8091"
"446","446","1","446","Veronica","Nabb","890-584-8885"
"447","447","184","447","Ricardo","Luciano","914-573-2712"
"448","448","87","448","Amelia","Ryan","919-127-4263"
"449","449","345","449","Linda","Phillips","148-343-8261"
"450","450","215","450","Harold","Cardwell","568-723-3946"
"451","451","26","451","Patricia","Anderson","819-106-8522"
"452","452","1","452","Debra","Haworth","625-278-6730"
"453","453","152","453","Gloria","Cook","467-228-3483"
"454","454","1","454","Nadia","Gresham","749-685-1971"
"455","455","268","455","Lidia","Cea","265-782-2078"
"456","456","1","456","Ethel","Stewart","246-655-9373"
"457","457","1","457","Elizabeth","Ruck","811-237-4435"
"458","458","1","458","Christy","Wang","158-433-3197"
"459","459","42","459","Manuel","Carter","431-023-6030"
"460","460","1","460","Charles","Kirby","759-816-6829"
"461","461","256","461","Eddie","Collman","463-122-0079"
"462","462","304","462","Brandon","Kahan","108-463-8213"
"463","463","1","463","Maria","Quinn","482-878-9685"
"464","464","182","464","Rick","Paterson","868-012-9555"
"465","465","18","465","German","Wald","338-465-2461"
"466","466","138","466","Wade","Wheeler","260-073-7908"
"467","467","291","467","Alan","Upshaw","569-158-6714"
"468","468","393","468","Stephen","James","588-861-8507"
"469","469","40","469","Kelly","Brown","360-504-8617"
"470","470","254","470","Sarah","Reardon","385-100-9805"
"471","471","271","471","Philip","Chalk","795-702-9706"
"472","472","1","472","Helen","Mcknight","578-856-4602"
"473","473","283","473","Dominic","Luster","733-838-0371"
"474","474","363","474","Amanda","Wallace","358-124-5672"
"475","475","1","475","Sadie","Swain","330-683-3870"
"476","476","1","476","David","Scott","531-375-8133"
"477","477","374","477","Joshua","Leath","132-313-2842"
"478","478","307","478","Gary","Whiting","948-286-4897"
"479","479","1","479","Jacob","Boone","368-483-0211"
"480","480","1","480","Mildred","Payton","504-074-3930"
"481","481","302","481","Teresa","Rutledge","516-554-6895"
"482","482","1","482","Sung","Amie","774-704-0784"
"483","483","65","483","Joseph","Harvey","767-286-9429"
"484","484","222","484","Amanda","Southerland","600-230-2532"
"485","485","265","485","Paul","Edgin","505-173-5564"
"486","486","208","486","Jack","Medeiros","362-400-9181"
"487","487","50","487","Richard","Rodgers","782-803-8060"
"488","488","391","488","Micheal","Mims","322-583-4892"
"489","489","1","489","Cheryll","Weller","356-310-3382"
"490","490","102","490","Jaime","Windham","508-603-2305"
"491","491","390","491","Elizabeth","Emfinger","901-617-0304"
"492","492","1","492","Eugene","Wright","265-420-7029"
"493","493","204","493","Catherine","Spitler","874-410-4937"
"494","494","135","494","Elizabeth","Spiro","759-244-0537"
"495","495","323","495","Felix","Mckinney","846-105-3862"
"496","496","348","496","Bernard","Gilbert","947-744-4973"
"497","497","322","497","Gary","Mojica","307-227-6950"
"498","498","93","498","Nancy","Sofia","714-416-5017"
"499","499","334","499","John","Luna","989-535-3743"
"500","500","219","500","Mark","Boswell","756-620-8160"
"501","501","247","501","Melynda","Hayes","687-846-5740"
"502","502","329","502","Teresa","Turner","826-637-4243"
"503","503","227","503","Manuel","Nichelson","626-612-6696"
"504","504","162","504","Marjorie","Elkins","977-612-0060"
"505","505","1","505","Helen","Andrews","140-314-3161"
"506","506","44","506","Minnie","Measheaw","332-607-3874"
"507","507","293","507","Milford","Childs","826-281-3905"
"508","508","77","508","Patrick","Rios","934-303-4693"
"509","509","14","509","Jarred","Kleinknecht","578-882-5895"
"510","510","1","510","Anthony","Paul","157-684-4447"
"511","511","277","511","Earl","Damour","744-663-6778"
"512","512","1","512","Ryan","Hirz","582-113-8423"
"513","513","253","513","Jason","Romeo","250-620-3587"
"514","514","84","514","Lois","Jefferson","818-706-2928"
"515","515","107","515","Kisha","Moreno","360-531-9600"
"516","516","59","516","Melissa","Daniels","622-422-4654"
"517","517","1","517","Josephine","Simpson","910-752-7141"
"518","518","150","518","Jessica","Morris","101-581-7783"
"519","519","1","519","Terry","Carroll","764-184-6594"
"520","520","19","520","Joseph","Jones","333-606-6556"
"521","521","289","521","Jeremy","Stewart","845-851-5486"
"522","522","214","522","Meghan","Miers","505-361-2041"
"523","523","104","523","Willie","Burwell","204-036-5576"
"524","524","193","524","Dustin","Letourneau","219-423-8248"
"525","525","23","525","Jessica","Phelps","821-011-4023"
"526","526","15","526","Eva","Kaufman","714-464-1524"
"527","527","163","527","Jamie","Tate","221-720-4853"
"528","528","1","528","Hanna","Schmidt","366-466-4594"
"529","529","1","529","Raymond","Andrews","449-013-8617"
"530","530","1","530","Jeremy","Nebarez","826-271-2382"
"531","531","1","531","Adriana","Coggan","243-550-3727"
"532","532","1","532","Hattie","Humphreys","801-878-2147"
"533","533","1","533","Lois","Hoff","360-265-2427"
"534","534","1","534","Robert","Thrift","506-856-2914"
"535","535","1","535","Anne","Crosby","760-488-8612"
"536","536","1","536","Deborah","Jennings","488-306-3076"
"537","537","1","537","Amy","Beavers","230-375-5180"
"538","538","1","538","Jane","Depuy","694-247-6662"
"539","539","1","539","Marvin","Lopez","932-724-0410"
"540","540","1","540","Lawrence","Delaney","996-143-1355"
"541","541","1","541","Steven","Smelser","254-476-1665"
"542","542","1","542","Daniel","Sisto","899-154-1528"
"543","543","1","543","Tony","Compton","619-154-3295"
"544","544","1","544","Karen","Squires","121-618-0770"
"545","545","1","545","Gina","Wise","379-834-0102"
"546","546","1","546","Damaris","Inyart","274-433-5477"
"547","547","1","547","Kevin","Wilson","489-585-1414"
"548","548","1","548","Roger","Daily","511-726-0543"
"549","549","1","549","Margaret","White","176-404-7614"
"550","550","1","550","Emily","Moua","572-826-5839"
"551","551","1","551","Samuel","Kaufman","615-046-7905"
"552","552","1","552","Rosemarie","Goodman","629-825-7498"
"553","553","1","553","Mamie","Jones","864-134-3578"
"554","554","1","554","Melissa","White","859-421-6799"
"555","555","1","555","Frankie","Lopez","297-028-4179"
"556","556","1","556","William","Gray","336-407-5039"
"557","557","1","557","Dwight","Pope","410-262-9514"
"558","558","1","558","Robert","Wilkinson","505-802-1651"
"559","559","1","559","Terry","Crank","574-204-3374"
"560","560","1","560","Jason","Mata","581-644-8845"
"561","561","1","561","Stefanie","Aasen","487-102-2481"
"562","562","1","562","Mary","Whaley","977-346-9027"
"563","563","1","563","Roy","Mitchell","536-138-9409"
"564","564","1","564","Daron","Dobbins","364-202-0076"
"565","565","1","565","Eunice","Lovelace","556-358-6264"
"566","566","1","566","Linda","Singletary","546-543-8563"
"567","567","1","567","Zola","Horowitz","124-033-4674"
"568","568","1","568","Margaret","Xiong","376-580-3439"
"569","569","1","569","Edward","Veno","932-360-5619"
"570","570","1","570","Christina","Campbell","809-125-4214"
"571","571","1","571","Ann","Smith","850-031-9065"
"572","572","1","572","Tiffany","Dawson","146-308-8018"
"573","573","1","573","Frankie","Zorns","284-351-3589"
"574","574","1","574","Robert","Gage","508-457-7670"
"575","575","1","575","Mary","Davis","474-410-5498"
"576","576","1","576","Shane","Brown","154-858-1816"
"577","577","1","577","James","Greer","644-855-3291"
"578","578","1","578","Joseph","Garland","992-605-7863"
"579","579","1","579","Luanne","Hukill","369-707-5022"
"580","580","1","580","Mark","Paddick","500-288-6907"
"581","581","1","581","Anna","Bourgeois","371-524-7219"
"582","582","1","582","Ada","Shaw","941-804-2394"
"583","583","1","583","Robert","Mutchler","954-776-1048"
"584","584","1","584","Callie","Bonson","825-760-7573"
"585","585","1","585","Bernard","Loguidice","663-573-4235"
"586","586","1","586","Annette","Smith","665-074-0294"
"587","587","1","587","Elizabeth","Lunford","182-457-6389"
"588","588","1","588","Jason","Gerecke","841-445-9893"
"589","589","1","589","Floyd","Carr","745-088-4812"
"590","590","1","590","Lucy","Jaffe","987-830-6008"
"591","591","1","591","Sherry","Roy","601-185-2533"
"592","592","1","592","Ray","Kincaid","190-313-4716"
"593","593","1","593","James","Guzman","374-326-7661"
"594","594","1","594","Esther","Freeman","119-887-1569"
"595","595","1","595","Kelsie","Brown","162-602-7574"
"596","596","1","596","Elizabeth","Meek","836-836-0226"
"597","597","1","597","Elizabeth","Dover","444-446-0224"
"598","598","1","598","Robert","Hardaway","573-188-4650"
"599","599","1","599","Oscar","Wismer","539-687-4125"
"600","600","1","600","Evelyn","Doggett","925-375-2728"
"601","601","1","601","Nancy","Rutherford","875-352-7931"
"602","602","1","602","Pamela","Hertz","427-572-9894"
"603","603","1","603","Erica","Fraley","662-673-8164"
"604","604","1","604","Susan","Mccaslin","584-262-1636"
"605","605","1","605","Gabriel","Goins","619-784-8682"
"606","606","1","606","Marie","Bennet","625-817-6982"
"607","607","1","607","John","Kintopp","702-501-4901"
"608","608","1","608","Debbie","Price","930-643-4481"
"609","609","1","609","Sammy","Pat","856-404-3581"
"610","610","1","610","Jamey","Bullard","932-027-8570"
"611","611","1","611","Carmen","Cupp","393-814-4960"
"612","612","1","612","Glenna","Williams","742-504-5915"
"613","613","1","613","William","Ramsey","132-013-4860"
"614","614","1","614","Patricia","Nolazco","634-183-6841"
"615","615","1","615","Loretta","Gibson","932-253-3003"
"616","616","1","616","Lester","Lia","197-862-0046"
"617","617","1","617","Ray","Mills","978-268-2267"
"618","618","1","618","Leandra","Poole","737-778-6216"
"619","619","1","619","Eric","Head","178-134-8462"
"620","620","1","620","Michael","Adamson","743-605-1722"
"621","621","1","621","Ricky","Reid","530-462-5069"
"622","622","1","622","Debra","Forrest","816-470-6232"
"623","623","1","623","Daniel","Palencia","402-266-4685"
"624","624","1","624","Penny","Stonge","738-671-1077"
"625","625","1","625","Kevin","Hart","191-800-9955"
"626","626","1","626","Christina","Carlyle","546-074-0972"
"627","627","1","627","Kimberly","Deegan","549-734-2701"
"628","628","1","628","Patrick","Maier","471-347-4801"
"629","629","1","629","Aaron","Durant","236-583-2872"
"630","630","1","630","James","Ogden","416-484-3198"
"631","631","1","631","Bennie","Pagan","152-783-5830"
"632","632","1","632","Marian","Norton","514-741-9176"
"633","633","1","633","Elizabeth","Gordon","682-552-1067"
"634","634","1","634","David","Williams","600-813-2099"
"635","635","1","635","Eleanor","Pierson","262-047-6442"
"636","636","1","636","Johnny","Minter","979-700-1931"
"637","637","1","637","Courtney","Baer","759-672-0252"
"638","638","1","638","John","Mangini","114-532-9880"
"639","639","1","639","Regina","Mitchell","195-632-8536"
"640","640","1","640","Brenda","Davenport","998-384-0857"
"641","641","1","641","Timothy","Nichols","595-766-9311"
"642","642","1","642","Michael","Barshaw","911-432-6646"
"643","643","1","643","Robert","Burks","711-664-5174"
"644","644","1","644","Jared","Hardin","521-731-8491"
"645","645","1","645","Tiffany","Dever","759-014-6291"
"646","646","1","646","Lucille","Holtzman","894-774-6576"
"647","647","1","647","Steven","Erickson","760-143-5539"
"648","648","1","648","Bradley","Wilcox","477-440-8177"
"649","649","1","649","Dorothy","Riggins","219-210-5227"
"650","650","1","650","Karen","Ortiz","751-421-6776"
"651","651","1","651","Joseph","Wagner","674-608-9214"
"652","652","1","652","John","Allen","983-440-6652"
"653","653","1","653","Linda","Evans","982-751-5436"
"654","654","1","654","Terry","Logan","202-502-1017"
"655","655","1","655","Stephen","Wright","459-223-3544"
"656","656","1","656","Benito","Richard","280-473-1072"
"657","657","1","657","Tressie","Spears","238-204-1081"
"658","658","1","658","Richelle","Mathews","290-272-3214"
"659","659","1","659","Amy","Nielsen","300-854-8682"
"660","660","1","660","Eileen","Spencer","142-464-7569"
"661","661","1","661","Nicholas","Dorsey","254-661-6114"
"662","662","1","662","Ruth","Bonney","705-562-8531"
"663","663","1","663","Elizabeth","Prewitt","587-774-5935"
"664","664","1","664","Lance","Figueroa","110-360-0443"
"665","665","1","665","Arden","Thompson","409-028-5005"
"666","666","1","666","Roberto","Brown","133-876-3045"
