ID,address_ID
H0CPM9PN2P5H,2767
H0CPV0B37JPP,2751
H0CV7PNAPTLA,2701
H0FPPVP5ZPPV,2723
H0GYK3JPLNMM,2755
H0JKNBCP7ZP0,2729
H0L4YBPAMTP8,2772
H0PPFVPDUR15,2709
H0ZR5WA6HNP1,2730
H143T3EWRD8P,2714
H18Y33TAVK6Y,2734
H1ABP6KZP6FF,2746
H1B90LMNPKMP,2769
H1DK8NBCWJ8N,2699
H1ELRP3RGAA6,2684
H1ENPM5CMELU,2723
H1GPCRCXLP1W,2754
H1HJP2EZPP89,2749
H1KAAPLB1RUZ,2721
H1PPP0PGN0P9,2774
H1PTYDLTJA55,2670
H1ST1DXRPRPY,2670
H1UP6PHHAZG6,2720
H1VZ3PWWVK1X,2734
H1YZLPGUPEG9,2777
H21YWUSP3LKJ,2670
H27CZPJPXPPT,2693
H27J7PB4RPT4,2683
H29ZDBAH253E,2751
H2BCJE42BKA6,2757
H2ESRHN3MC81,2722
H2PJLK9LPMPS,2725
H2PNKVCKHFS8,2750
H2U2R4LU2WPN,2690
H2YPKSPWFDV7,2725
H2ZD94P3DSW7,2672
H30PEMSLRGJY,2748
H32PPXMM1PPL,2770
H33SPT4VP0JK,2706
H39YJPCABKP6,2721
H3HPE5G0YXV1,2745
H3JR066LCLPB,2697
H3NJ2GPP727P,2778
H3PFPXAP7GAZ,2765
H3PLZPJPPN3M,2682
H3PPJU7P2K9M,2728
H3PSWPZE9PMP,2774
H3PVD0A4BLNM,2722
H43BCA5KCJ1C,2708
H43P8MM3M5TA,2766
H4C4GSEBMPPA,2753
H4CVPKRA08PL,2721
H4EH8PNS10J1,2726
H4G7XLSPPP9M,2694
H4HHPAN4PDLU,2764
H4P4B5CPTK2P,2754
H4RPP7FZBNHP,2757
H4XP01KP45PA,2671
H4Z028YC2KPL,2693
H51G4KRN4E03,2682
H51XPRWBJN2K,2774
H54K5MZPP52V,2683
H5DYNHPX2PN6,2772
H5JX19APB0T0,2751
H5LWBCYKJLDM,2738
H5P2V2XCU94X,2694
H5PPU62PWEK9,2774
H5S5PGUUPGB1,2686
H5SKWPMNNH3V,2704
H5XZT9CPGP3D,2763
H5YPPPPKXTN6,2687
H67M3DNNMZP7,2721
H67PNRJKWHDT,2674
H6CBGLPVDPZ1,2668
H6HMBXL72PAG,2727
H6JEVMNMEKMH,2668
H6MPN6EP9BHE,2692
H6MT0TPF2RD7,2715
H6P4G5UP2BYP,2697
H6PTJXUPPKP9,2744
H6TGXKB8NPW7,2744
H6X1MBBPTL7L,2718
H72DPCKPUK4P,2751
H73F6S47KP4F,2697
H744M1XSBHPH,2760
H74PVPCD62PC,2771
H7605L0WMPSP,2733
H77PNCP7SKPD,2738
H782SNZCP0MP,2710
H79PEYPVLMPW,2691
H7AJ8VCKPRPP,2704
H7P5BJ09JENP,2761
H7PDKN5GCUFC,2731
H7PWRG60ZLR1,2704
H7PWVL83KPLV,2774
H7PYAGE2PDM6,2736
H7RPC9P6293P,2732
H7RPS2VT2N2J,2683
H7WL2ZTRLPCU,2682
H819NWTPP9JP,2715
H89NLG9PMEPT,2740
H8CLBYN0GPPE,2770
H8CT5RPPPRLP,2695
H8F9Z7JP7YPP,2754
H8GEMKF1PX5A,2726
H8GPMDFAHP5F,2721
H8P4JPFVMBRD,2740
H8PE2ZBW4NJT,2756
H8PGNNCXHGRP,2739
H8PPMM3GYPP8,2713
H8UP1PG4PPFG,2732
H8W0PK2KA7P1,2725
H91P2K1NYPNB,2731
H9MY0PD3SKLP,2700
H9P4EK2KNVF8,2677
H9PPLVBMF9PX,2728
H9VPMXDPPTP2,2740
H9WP9DU3WRHP,2703
HA11PMT1PPPN,2761
HA195P8M90P3,2742
HA4L8JCAP343,2724
HA6KPBDSW0NB,2727
HA78MHPTNP7V,2711
HA8PUHYPUGF0,2718
HAA27PLW8PKF,2770
HACVDPPBPPEK,2727
HAE5PPKBCR9K,2752
HAE6T5EP8UZU,2698
HAEKBAUZTWVE,2706
HAEVMJ5FP70N,2669
HAEWKWHP49K3,2676
HAFMEPYXKPPV,2734
HAHUNKTGK7DJ,2753
HAJSZPDRWN2F,2765
HAKA8JJPPXPP,2735
HALP03BG8X8P,2739
HALXPPWPPMNP,2702
HAM7GS3P5FZ6,2671
HAP34MHPJUMP,2736
HAP7NFG9NPXE,2736
HAPEPJBLTPMY,2696
HAPEX16A3E0G,2695
HAPFGE8W5PWC,2716
HAPG4ND7BNPS,2764
HAPPLJPJPZBF,2751
HAPPLNPPPDK0,2730
HAPPPMJMMT6S,2759
HAPPPPHPP1PR,2681
HAPPPY0M7NPP,2668
HAPSXP9KL0MJ,2745
HAPZKHUMGEJZ,2710
HARSMWVSGDPE,2691
HASBZNK3PKPP,2698
HASRHBV9DYTD,2685
HATMLXCJPPCM,2716
HAU0S3PP81SK,2773
HAZ2JGCE1FJM,2774
HB0J5PPBWGCT,2694
HB2EL7MP76ND,2699
HB3XL8AHWH4P,2774
HB4UGSP8DVPA,2722
HB7PPPAFKC0S,2677
HB8H1P4NJ9XP,2766
HB9PGBP35YPP,2746
HB9PYPYP7VJ4,2680
HBCMRXLJW9R1,2745
HBCNNPYGPPUL,2777
HBCP8P1JP2YB,2714
HBDAJPC1SJTP,2754
HBDUFJC0DLMJ,2691
HBFNPLFBVXS5,2770
HBHPPFJPPJKL,2778
HBJN5PPPLHDP,2730
HBJPPFHHLPE3,2716
HBLH4NCCPG2P,2747
HBLWP3MF54P1,2729
HBMAXJL8CCZ7,2711
HBNPKBMJLZKH,2748
HBNRP70P7PFD,2729
HBP3S5SP3FP1,2677
HBP42PS27PKP,2691
HBP5KZJPM7CP,2670
HBPA3BV58LJN,2733
HBPFPEPCK035,2696
HBPGGBB4B5MB,2732
HBPHWLKVMPPY,2751
HBPRMK7P653G,2732
HBWFUMLC78P3,2670
HBWNLP8NLA7P,2678
HBWSMPX05FGK,2699
HBXPKFZDJPDK,2687
HBY1P2M5DZ7K,2672
HBYFKJ6KPPPZ,2728
HBYJJ4DLPP3R,2708
HBZBPAKTA9WP,2727
HBZD8DPPWNLL,2709
HC0PSBRCZZPT,2690
HC1LDNMPPN0X,2761
HC2FKP8KAGPD,2724
HC2KULHFEYJ7,2668
HC3596JSL1J8,2723
HC36EN9JEDMM,2744
HC57PPRP517P,2768
HC5M8P9L5WP1,2686
HC5TEZLPPBPL,2684
HC6L0W1PP8P7,2743
HC7N1RVTPPPH,2678
HC7PPJTL793N,2687
HCARP8AKP3VK,2671
HCDKPPUHDLJP,2756
HCDL0PPTMWZR,2771
HCDYT9TCVMM2,2752
HCFUGZJWWYY6,2688
HCHXKG1PMK3G,2771
HCJP4RVXP6CM,2763
HCJSNSPPLPPP,2730
HCJVGPM1NJS5,2750
HCK7JP36HBEG,2668
HCKDD8VYJLZF,2709
HCKKKBM25GPH,2717
HCKPPPPADT28,2700
HCMMSZPPA2BP,2778
HCNPP5PYEV5X,2770
HCP6Y9MP4PFP,2732
HCP7EXPBP7LJ,2731
HCPBRWA5YSK9,2724
HCPDFNPA85P4,2667
HCPPAUKPGNER,2712
HCPPFJPP2HJE,2722
HCPPRZPCR4KY,2759
HCR572TA2UPA,2747
HCR5P1PCNFCH,2738
HCUK4PJP8J02,2726
HCX2PL3DTJPZ,2713
HE0ZDKGL0PPK,2741
HE1TAL18RPVL,2672
HE3CME510RD5,2714
HE3V8F00SPHE,2757
HE41KPMH9BXB,2772
HE5P8PPPP7GG,2681
HE60VHLD33CG,2742
HE7KKMFRJ1DP,2762
HE9P6Y3STGPP,2700
HEC4APDFWPN6,2763
HED89J8EUVUB,2771
HEDBN67HLPMP,2750
HEFPPPPPYXP3,2685
HEFWDKPMVJ5W,2671
HEJBERPNEJYP,2716
HEJCPHLP4PN6,2725
HELPDPUNKMJ3,2693
HENHMFZPPHTJ,2725
HENW2SKJPR3P,2708
HEP0P7P79JNU,2747
HEPHXCP5LDMG,2693
HEPMPRGPX4Y7,2765
HEPP4KPZAPEB,2760
HEPVUS1M0P1J,2770
HER306CU81M7,2723
HESCPPNCPFFT,2732
HETUYW2BF54L,2723
HEUFNTJPDHPP,2773
HEVC5EPM5MEF,2751
HEWAPULP7AKL,2754
HEYNHW011PNP,2777
HF02PLPMJTPP,2678
HF1PMSC5RJHD,2682
HF3EVGL3Z75B,2696
HF3YHMPZLVGP,2722
HF5P78PLPPPZ,2763
HF7N6SHLHHPL,2696
HFATXH97P303,2765
HFBDJRP2HYNP,2680
HFHHJJP6N53P,2749
HFJPPP8PM1FM,2740
HFK487GPMP5A,2668
HFK5Z5CBF5FP,2705
HFL0PM80TP9L,2777
HFM3PSPH8XVP,2770
HFMMPKX4A4JF,2700
HFMSNPP6AP5J,2770
HFNK2PXVRNML,2756
HFNKKHLPPPPS,2692
HFP3FFL9PPPC,2761
HFPFJ6GCKZJP,2730
HFPT7PPGJXTK,2723
HFPYC6WPPBFU,2750
HFPZHP75HL7X,2719
HFR40PVM4D70,2760
HFUJCLH0PP9W,2685
HFVA4VE9YXW8,2681
HFWF2NPWE5V9,2752
HFX159KB1YPR,2693
HFXACP95ZNAP,2706
HFYPGK5PAKEH,2759
HFZN7SJCYC2X,2716
HG0YPMFYZBXL,2760
HG181G8GPPUP,2767
HG1MNPRJ33JM,2726
HG1PEPTACVMV,2739
HG3YJBFC8RNB,2722
HG69P4ZUNY7M,2710
HGA9PYNNTHG5,2671
HGBSTE8VTJLR,2728
HGC1PRRB0MST,2736
HGE6WP8BH9BP,2680
HGEFJDCPPMA9,2765
HGEPT5P9Y81M,2711
HGFME2PPCEWB,2691
HGFP27LPPHYP,2667
HGG7HYD5TJYL,2676
HGGN2PJSHWP9,2734
HGHEBPWYPLPM,2711
HGHTCKPPE7PP,2733
HGJN3J9ARPNB,2677
HGKF2LNKMK9W,2707
HGKVTLPJPNJJ,2720
HGL2NC43JPYF,2675
HGLGPP3HVSP0,2768
HGP1VDBB3FPV,2697
HGP464XJUPPP,2728
HGP5G21P8WVF,2728
HGPJP1YXPUAN,2734
HGPK5DPPP3PP,2690
HGPMNPPPEXJ2,2761
HGPP4C72C3P7,2700
HGSC2TPPNPPE,2774
HGXNEPLWJPKP,2736
HGYNL5N0ANPP,2772
HGYPNVCWCRPM,2699
HH1Y120DC4GU,2770
HH2DYMFDG17P,2756
HH2UBRANLPP5,2773
HH2ZPPZDH9BB,2677
HH3M4PL38PV1,2750
HH3ND3R6JBBP,2746
HH5D1GV80PM6,2748
HH5PPDK0PTX2,2742
HH71PBPDK2NN,2677
HHA43WGCZT6R,2748
HHBSW5DBL6SW,2725
HHFP7YPAJU1G,2760
HHGCDT7E83P4,2722
HHJDP1PLS8J4,2763
HHJHMJR6VPS0,2747
HHK7KPCPP9C2,2716
HHKZF92FYP4Z,2718
HHLJ6SYRJ6LP,2731
HHLPXMSEPPHZ,2778
HHMCFJ9NG2EL,2673
HHNMRVMNP0CL,2685
HHNPJUJ9PZPP,2778
HHNSKNPNPUKX,2765
HHPJ2CPLSHY0,2668
HHPKRJJJJGR8,2714
HHPN04788PXU,2682
HHPPKXP9LNPP,2722
HHPU7PNT5KZ2,2742
HHPV61U6PPHF,2776
HHRC7NTYXWL4,2668
HHSCPLZFEFN1,2711
HHTPPJ2FPBNB,2704
HHWMCNP4VT5P,2681
HJ3PPLLPRBV5,2670
HJ4PJ4PPCXMY,2724
HJ5MZUM285PY,2736
HJADC1P3DPWP,2681
HJBEPPNP99J3,2709
HJE3JP2Z967E,2711
HJED0MPLTPYZ,2739
HJFFPPTSP6FP,2716
HJGD0V8VUPPP,2716
HJGK2YAEGRWT,2767
HJJPUGTPZHRP,2714
HJK0ZNJ4Z3MH,2720
HJKL26CPZ4MP,2676
HJKP6JZJYUPU,2703
HJLYU1KPWTP6,2721
HJPESS2VPP6L,2710
HJPNJAMP2PKD,2678
HJPNLM5PPCAS,2754
HJPRLNPCM9TL,2713
HJPRPFU6DPRP,2705
HJRWKPP0RYPX,2757
HJU8PL6FKWBP,2715
HJULKKAPKR9H,2696
HJUNPYJPPTNC,2677
HJYFSHWU1N79,2731
HK0YPPCD9PPC,2723
HK3UM7MLWPKD,2756
HK4DP933E3MS,2743
HK544558RBLM,2674
HK8P57EP3KC1,2670
HKAZ5M864LF0,2670
HKBDPAPPCNPC,2765
HKG6PD4WHPDM,2717
HKJ0NNHSP6PP,2770
HKJWWUSZPPP5,2746
HKKPKN8FGP34,2696
HKMTVBJ3PSKP,2708
HKP4MM3PEPWH,2711
HKPJWEBDV7J3,2726
HKPMPPP1PZ8P,2775
HKPUC7R57FFA,2685
HKPXDBAU7PY1,2718
HKRPCDEPKH7H,2776
HKUBMGPC66AZ,2746
HKYJ3LCWPAPW,2769
HL8PW9945G7A,2714
HLDJHW1PK37N,2730
HLE9LPX1XN3K,2677
HLFXPTPDWD5P,2713
HLGW9REPPFPY,2748
HLHPU297KNJA,2690
HLHPW0PTKZL8,2704
HLJC7PTPPDF0,2698
HLKA9PNVPMWL,2724
HLKKPW0MLSFP,2681
HLMBPJBPELND,2751
HLN9PHX7PGCX,2711
HLN9WPJPJ4MP,2753
HLNMH3NPTP2F,2715
HLNPPBGPPB24,2706
HLP1PLULWGCH,2680
HLP4LP6SKSU7,2695
HLPJCP3KX8MN,2676
HLPJHP0UH5G8,2682
HLPPH8D7K0DH,2709
HLPU8DCUPYVK,2693
HLPVPPTXTJ1K,2719
HLSPK20P376P,2760
HLW7HMPNPCP4,2755
HLWPMKNTPVPT,2761
HLYP9K5PLELS,2682
HLYPAA6V6P4B,2763
HLZBNLP2HEPJ,2710
HM3BN7PUWNPP,2756
HM4R5RPPYZ85,2737
HM77PBBPT8TF,2697
HM7H3AA0PT5D,2727
HM7N28EPPPGP,2707
HM7PPWP8XGPV,2717
HMBRNLGMK8LA,2776
HMFEFJDP9LP8,2763
HMJTDLPTVU3Z,2764
HMKMRYPKKKPH,2724
HML76GPUJVPG,2776
HMLKNP2PPV28,2727
HMLPD5K07VFL,2701
HMMNYP4AL29P,2687
HMMP8PJHAPNP,2776
HMMZM2NWGPNF,2745
HMNTSH61NFPP,2713
HMP1VPWEAYJX,2675
HMP5PAXGP0M9,2722
HMP6PLPP047P,2772
HMPAEPPPPP3P,2674
HMPNBPEPW0KR,2754
HMPNN2EEPKJM,2755
HMPXPHJF7W05,2668
HMS3MLTLBFPF,2693
HMS3RNJAPPP9,2668
HMUVLLUECLGY,2738
HMX4KPEDAE1T,2765
HMYJ3PFU8SJ2,2683
HMZRPPPM0L2V,2755
HN0PWNW0PBD9,2761
HN5ZECREXGDU,2714
HN6PPGDVMK3M,2695
HNATKAPP3T0K,2705
HNBSMWS9N7NL,2671
HNCMH9R8YX7H,2751
HNCYUP2XTH42,2709
HNDV402S3SZD,2719
HNGPLD5LLTEC,2762
HNHNPRWETPHF,2769
HNJK2JFULJPT,2716
HNJVL1R6PTPK,2743
HNKY1B46CPVT,2696
HNNPCPGACH9N,2741
HNPC4LP7PVLX,2716
HNPCPGPUVPPZ,2734
HNPEU9SLA4T1,2760
HNPPE57LPPPP,2704
HNTX3SC4NGSV,2736
HNZALPWJWTM8,2718
HP0KLMV5YV36,2753
HP1NMJPP1F5P,2720
HP1P1LK8PPP4,2711
HP1PABD0NHPR,2686
HP2AJLNPDPE0,2720
HP2GK9J7XY6J,2694
HP3FPEPP4BZP,2687
HP6TB08MF49P,2698
HP7358PMBV7E,2716
HP78PAPWRNUJ,2778
HP80FRPF5PSW,2675
HP8AN9BGJ5PK,2758
HP8PPJ12T3PK,2768
HP94L53477SP,2737
HPA9NSVLVYPD,2716
HPAPB1YSDPL0,2678
HPAPFC4GZ1LA,2699
HPAVLFUKCUVS,2707
HPBFRPPP0APK,2721
HPBPBP2F100H,2700
HPCCMCUKZ0WF,2721
HPCMM6LPBNNJ,2745
HPD0YS9P7PMZ,2691
HPDMPBKBPJT0,2754
HPDRK735P51P,2745
HPELYYWS337T,2711
HPES1U40KVLD,2743
HPET3ASJHY7V,2705
HPEUFAHN37SP,2691
HPF107FLAVML,2752
HPFCPA3SFT1P,2763
HPG25SMH7XJP,2707
HPG7L7LSM6HE,2694
HPGELX1VNEP9,2752
HPGL3RPCZCSA,2738
HPGWK4FTZMWX,2729
HPGY5HZNVFD3,2752
HPHAFNSME2LP,2763
HPHJUUJNDPG4,2750
HPJ0CPP9YHSK,2683
HPJKJE2KTHM1,2770
HPJPKN88NLBN,2776
HPK6X4XDR4P2,2681
HPKA54TK6EEF,2705
HPKAFJCXPT5K,2692
HPKC6PMLANL4,2759
HPKKSDHE2ZKY,2667
HPKVW6ZXPSNP,2693
HPL35K8SM290,2723
HPL702PAAPJX,2748
HPL76H5PMDAP,2739
HPLEGNPLUC23,2667
HPM1MVXGPVPE,2703
HPMBZ0JLMLL2,2751
HPMP548JTP6Z,2676
HPMRFPDP34AX,2701
HPMZNXFPHVLT,2667
HPNJJ1S3AP1C,2671
HPNPYDJJF421,2770
HPNULWBRYEPP,2716
HPNW6YJ6PKZP,2711
HPP0SYAGHTMP,2677
HPP5PPDXVF1N,2694
HPP776MCDU3H,2737
HPPBPMWFSMF4,2761
HPPBSSFSMPPT,2692
HPPGPPHZMTJH,2717
HPPHB0JV7PS9,2680
HPPHEZPZN66D,2720
HPPKEUKPPZGP,2768
HPPLPEX01MDP,2693
HPPMAJTP7PNY,2748
HPPP2LMZMPPA,2673
HPPP3P5MGGNP,2738
HPPP6LNLFPCP,2685
HPPP7C1LF8E1,2696
HPPPV6419M3P,2709
HPPT5CP1TF1X,2669
HPPUTNYP104R,2742
HPPY6VK2KJ73,2684
HPPZPHKEL7H8,2721
HPS1ML7PP2X1,2743
HPS8NFP1AHBW,2693
HPSBXPNPPJE8,2710
HPT3ZFLVRNDD,2723
HPTPEPLN5W6P,2671
HPTPFPMLC8PR,2763
HPTPHH0LZUPP,2685
HPTPLJVXP9P0,2778
HPTPMKZJMPYK,2736
HPTPMPBRPPLW,2716
HPTVHP7DPPPE,2744
HPUKE910K8LX,2762
HPUKJUVPPKU9,2717
HPUP1KJAHELP,2684
HPVRPCLDWSPE,2714
HPW0P09PMBLS,2678
HPW5X6TSDPTH,2680
HPW6MKNVN3NP,2757
HPWFLN1R7ZJC,2767
HPWHRPNXF4HV,2709
HPWK8X80XJHP,2702
HPX2SPPTYX1M,2671
HPX3K2NZTWPP,2668
HPXCP3SUFDJ3,2731
HPYP7PDP5CDP,2732
HPZ3PB2X4GRR,2695
HPZ6ZLRP6TP6,2719
HPZK9BFHPGDJ,2752
HPZPDMXUPC9Y,2704
HPZPPDDKP2PG,2722
HPZUPA4YP6PA,2687
HPZWBN5P7LCX,2749
HR091JPMBNPR,2734
HR97PH1J5CDW,2740
HR9HNA83JKRC,2722
HR9NWXKUC7PP,2679
HRPPPHP3JMRP,2689
HRSYMDW57FPP,2715
HRT3LJPJMTPB,2764
HRULPFP42G0G,2753
HRVKBJCPMUG3,2702
HRXLNHFWL6PL,2710
HS3PUAPWJEWA,2721
HS3UAB4U2AF4,2703
HS8PKPBGKEE0,2726
HSAJRNGB6ZJY,2688
HSD2PP5MUN86,2758
HSDFC54EP0PB,2681
HSDLURMWLB3P,2699
HSGNTTAHLL50,2700
HSGXL0LPPJHF,2770
HSJ2JDUK87P6,2670
HSNGRPRKP0UP,2758
HSNPSNPUW01D,2704
HSPJ2LPUPMBP,2743
HSPMGPP1ZP13,2753
HSU4GLDU8XPZ,2692
HSW5PBJX0G3P,2757
HT0PPDPTPBVP,2710
HT68WDUTS2V4,2701
HTFPPDPPK26S,2692
HTFUH2XN362M,2707
HTM8JMT2PNMG,2754
HTME4PTPYFFP,2669
HTP9AJP083CP,2754
HTPNEBY3B9AK,2704
HTULLPPY6KTC,2720
HU0UAPPGBWSF,2745
HU1FLR6PU5PF,2674
HU4AYGBH9KE8,2669
HU5P2E9JHNST,2672
HU6SPPSP0FFY,2680
HUB6R4D6PPWP,2681
HUCFCUGMWL5N,2724
HUDGXSPA0R4L,2772
HUHHHEPD0JPL,2683
HUKNJKJRUPFA,2712
HUM5PUP5LNPY,2695
HUNPDRN6JJJG,2719
HUP6M3ZRVJYU,2758
HUPVFZANP8DJ,2680
HUTPLM7RLSUJ,2747
HUV6YRVXA3P1,2746
HV9TTP1PPGXB,2765
HVDPPP0Z8MSP,2674
HVEPB16PPJP9,2672
HVFKPPEBLY76,2689
HVJRPCAL9AP5,2731
HVNZPWPGP5UY,2680
HVPMZPKNP29P,2768
HVPZPEZ1PPTV,2743
HVTJPTAKRPLP,2710
HVVPBHHDV8KJ,2771
HVXBPPE83XPE,2758
HVXTYPDJZW5T,2766
HW0DPAPPYKDF,2693
HW0PHSPRLAPL,2668
HW3JHGJYKCGE,2761
HW8KPVB4NH1N,2735
HW8TN9EHESPF,2668
HWBMYPM52MFV,2718
HWJ6SP8L9PPJ,2759
HWJCY3DBYPPP,2677
HWN1DCK6N39Y,2684
HWPEUGETP9N6,2756
HWPLPKNB96J4,2683
HWPLVP7MZPDS,2700
HX0R9ZPXGDFU,2758
HXC8LJKP9REK,2740
HXNPMBJLCPJK,2777
HXPLDWF21PAH,2752
HXPTMNXT9BGZ,2703
HXPU8P54PPNP,2755
HXRPF646PLPA,2755
HXYPLBP2PPK9,2766
HY0GMM6PPVPB,2748
HY5L6UFXPPK4,2669
HY7VPPMFBVN2,2677
HYAU5PXDAELR,2683
HYHLN5PE5MPM,2756
HYHSPKMPN21N,2722
HYLP704FWDX2,2774
HYPKRPR0PPG3,2700
HYPKY2SZPH5B,2673
HYUP2N5TPMBV,2686
HYVCUFC9PPP3,2668
HYZPZZGYCPD6,2734
HZ3P6TBHGPPT,2720
HZBB19PWSHUL,2721
HZFT8HR84UPD,2707
HZKBJDPPYPBF,2739
HZP3UPCP74ES,2667
HZP5DCG2H7PJ,2683
HZP5PS6P8HP8,2755
HZPBX1SCPJE4,2686
HZPC9C0P2PV4,2695
HZPKMGPZPPLY,2774
HZXMZST2JNMP,2720
TD04P4MS6KF9,393
TD0EM8DPPVPJ,2288
TD0KAKD52V0S,37
TD0PPSNSUTBC,566
TD0U2U1JABJP,1283
TD0UF5AP5GNS,1423
TD1GP89WARPK,2435
TD1KA8FR0JDL,931
TD1KPPH9K6HE,2487
TD1P79DMYPMJ,1429
TD1PLXPL0FJV,1281
TD29R4VVU09V,36
TD2PCN0PUPAW,2312
TD3CPYK4PDLM,1405
TD3NPPMPHKYX,2029
TD40UJPESPYH,1342
TD46EPGPVP1P,1445
TD485DPTPJMW,1747
TD48ABYPCS6J,2124
TD4PRNLRPJSV,2243
TD5790PRSPHT,1484
TD5APP65Y7AH,1422
TD5GGJP9TBEA,143
TD5JHP26PNBE,1507
TD5SNXW5P8MX,1992
TD5VHM1CEPTP,1776
TD5X3TACPP85,652
TD5Z2PRPKKAP,547
TD62B6HGPLY2,675
TD68PYV9T5PG,1985
TD6EPXR8RUUK,2490
TD6KG81VY3PV,1614
TD6PSNPLZ2PN,537
TD6RPHEPDPL3,1770
TD6UYWE4M0M3,1322
TD6ZPERN2T0U,1645
TD7CHYPPPZLK,2609
TD7TPP7PT19V,1154
TD7YH4HFG1PA,2247
TD7ZFPWRL64D,2495
TD81PPLKRND2,1060
TD8GM1PNLDPH,1644
TD8NZACPPD8G,227
TD8PPJYKU7LP,1952
TD8VFM54L7PD,2114
TD9GVEGWPJVS,2410
TD9KPPPB3NKB,1043
TD9L03RRLPEX,158
TD9NGPPP44AW,216
TD9PA75TE8EC,389
TD9T7BJ8ZLB7,2046
TDA4T1PZKP52,2525
TDA5VPPGZNPF,1595
TDA98FFV72VP,1452
TDAE0D5DPP8C,816
TDAMGZTPFU5P,586
TDAP75MPR1JB,2434
TDAPCPPKBPE0,1003
TDAPPVPPPKHY,1068
TDAPRPP7MMPT,1874
TDATHLPFPPMJ,2429
TDAY9R6ATJP9,95
TDAZL6PPYVBV,2142
TDB1K4SS5UVP,631
TDB55BC9GMP0,544
TDB87PTRPA0U,2429
TDBAVPMP6ZLE,1555
TDBB8YPMK0UE,1556
TDBCAJPV6FPJ,1983
TDBMMDNUP0PU,945
TDBRJP88F6VP,1995
TDBW0M81CPRA,2384
TDC2PSNJ0F09,1654
TDC9S3PP2PPP,2569
TDCABMPGZCUB,1154
TDCARPAUZVAE,41
TDCHWB3TPTVP,1415
TDCLKZJPK9PP,2325
TDCPDXG4D4EA,2508
TDCPZMP0PBBA,2489
TDCZPPEFPKZK,1012
TDD1CRDDBVL8,731
TDD7PPW6PPFP,2380
TDDAWFP6RPPP,1111
TDDB2UPSPBLG,1397
TDDCABKUK2CL,1027
TDDJJP2JCABN,372
TDDKKP893CPX,1274
TDDMPKMY1MUV,2275
TDDP0HPAHZPP,2366
TDDRCPCSKJ8P,2374
TDDSLPKSTP7K,1498
TDDTL2SWFAWV,1483
TDDW4PCYP9CD,1772
TDE8E9PLD1G1,2094
TDEAKNAPSPAV,2101
TDEFXYHPHPZF,690
TDEHENV5UPPZ,2556
TDELPUCPPTR9,1038
TDEM4PJADX0J,1236
TDEP12GBAPV5,2194
TDEPZGP3XKPP,1304
TDF0XF02JJP7,98
TDFHPPMLYH2D,1882
TDFKP6PGMAYK,2382
TDFKVKJJGDXD,245
TDFM5CFCJPPL,2165
TDFN7PDWAP67,216
TDFUW096HED3,278
TDFZ7P8KPPVZ,1142
TDG13KEMDEPX,568
TDG2GUPZFPPX,1607
TDG2HPE1GGSP,2126
TDG49XPLJGMJ,2311
TDG8B2MTHRCP,1192
TDGAWDLZSEXE,371
TDGDRKPRXD3N,112
TDGMWAW2KFNL,312
TDGNCBVPRNX1,486
TDGNYT93D1X4,2411
TDGWP8X6AR0Z,141
TDHC1BPVZPDD,1439
TDHLKNGPYW8P,49
TDHPN0PE26PG,462
TDJDPP34BKM7,1685
TDJJPBGS1J18,1815
TDJJPR3FKGJX,27
TDJMVPPKPMNA,1057
TDJN4AELL4U6,2250
TDJNEPFEPPZ9,720
TDJNJXPKK7NT,2612
TDJNVTZNP28C,1202
TDJP41YLVW6P,2464
TDJPFKP6VM3Y,2471
TDJPNKKLBPP1,2624
TDJRMTPLXBW6,1169
TDJXBJUGNZJP,1587
TDJXHN97PPPU,2476
TDK9C0ZPP9PP,1665
TDK9HL6LPVKU,521
TDKALLGNNHPJ,1994
TDKCP9F5GVSP,1673
TDKDC81BD2Y6,1619
TDKHXPYDSVWP,1370
TDKLSP87BPPE,1204
TDKP0SGF3BAJ,1229
TDKPLG3PKV71,1892
TDKPPCHC5M3A,1284
TDKPPMDUXPN9,1696
TDKVJ8MHTPLP,2210
TDKZCB0HJSE1,1952
TDL4KP0RCNZV,2214
TDL9SPMMPB4K,1298
TDLKG8SVCTB1,786
TDLKMMP4JNPP,243
TDLM4WPVPJES,2568
TDLN20JPMTRE,2287
TDLN42HBUNPP,2435
TDLPHH7PZSJZ,2201
TDLPPSMJA0JC,1956
TDLPXPZJE3BE,1729
TDLRYZRZXGVZ,2219
TDLTB7MPPNPP,401
TDLUDLP9VM2L,2014
TDLWFYPT7FPR,1188
TDM4ATPJPLXB,1221
TDMCWP7KP8VS,2477
TDMJWVP3G11F,1402
TDMPBYPPFLXW,1775
TDMPKJYJB8KN,1536
TDMPLV1JC10U,377
TDMPMMJLM4DK,156
TDMPMZ84MKPP,831
TDMPPY3V6J1D,1127
TDMT6BY2NPPP,1730
TDN351RLTSNP,2340
TDN4NPPPH6V6,1376
TDN7GPSPU1N6,1169
TDNA3PRT7EC7,2015
TDNDNCAAZAG0,2665
TDNF6PN23PRP,1184
TDNGC5RAYM1T,2185
TDNHMSPVGPP0,1868
TDNNDNP3PFR2,1661
TDNPPMA9X6VP,1335
TDNPRPP7JDKB,952
TDNPRYDPULPL,1486
TDNSJZNVWENL,2083
TDNXPPNJ3MPD,877
TDP0HLY2PPVN,100
TDP0KE12FJYH,2572
TDP1AYM6UKPG,159
TDP1G8MAPU3K,844
TDP3WY7D5EKT,1893
TDP5FDNMWPP9,386
TDP61PP27LMN,1309
TDP7JJN6W0MP,540
TDP84HPM3LPN,609
TDP90GPPDPRN,239
TDP98PN53TJ6,393
TDP9PYZFM33R,620
TDPACTDP4STL,906
TDPAK48VSJPP,459
TDPAMEN03JKK,978
TDPBCE3JA972,105
TDPBENMPNGPM,2449
TDPC5PBPP3CP,611
TDPCAPYJK6PP,288
TDPCJHELPPKP,990
TDPCLTYGP1Z6,1618
TDPD04PPT5PF,825
TDPDNKPHSPV8,2637
TDPDPPE6PXEP,1824
TDPEPHCAPNPP,2363
TDPEZMK3FHWX,920
TDPFUBBPNAX1,1767
TDPGNNYCPPPM,1984
TDPGP00343MC,1066
TDPJ2NANBP2P,2619
TDPJM5PPAPVP,2540
TDPKDZF870P2,127
TDPLDPXMNBP7,241
TDPLXA27JWW6,2120
TDPMCPP0XEP6,751
TDPMJNUPCPPJ,2654
TDPNMPLPN6ZU,1531
TDPNP2VWHH1S,1831
TDPNPPYNLE1P,2041
TDPNZRAN3UPM,1829
TDPP5KNPPKPM,1183
TDPPDPJJNVPH,1650
TDPPFTPP7K4N,620
TDPPLFMB7S3C,374
TDPPPRA1PNKN,354
TDPPZ08DMJP5,2545
TDPRPMPAFPVN,268
TDPSJFA8HKPM,595
TDPSXJ7XJMXF,919
TDPTUSTGPM35,1222
TDPV3JSWJWUV,2646
TDPVP2BU4PS3,181
TDPY7SAET8S2,1850
TDPZ8K55PA92,1921
TDPZPDPR4YPN,1334
TDR17S5U9PPT,672
TDRDXP87PNPV,842
TDRKPZ6GJ0Z4,1520
TDRLBP37T69N,1958
TDRLPPF54GJM,1041
TDRPDPBPP6P7,816
TDRPLSLHA3BP,80
TDRPPY86VHZY,530
TDRVKPWPE2MD,1861
TDRZJ51PYNDL,2249
TDS38PP6PL20,2462
TDS42HMBPPZ5,1731
TDS4P88YKGX4,1539
TDS528LGCXPJ,812
TDS7T63PP4BP,1592
TDSC13L8PPJP,648
TDSDPP8WGEP2,1308
TDSKJ7PXMKV3,1642
TDSPFKE4DK32,83
TDSSDKPN5NPE,380
TDST1SLRLZPD,200
TDSZC9PVWX6T,1950
TDT5JPNANSP7,2555
TDT69BPCF7ZK,1266
TDTEMK6BP2DP,2482
TDTM0PXTDKU7,2574
TDTPPEHR97CU,1483
TDTVAM2L8VXU,429
TDTVELC336WX,2084
TDTWFJP6PPCP,1787
TDU5VMPPYKAP,915
TDUBPYPURS5N,237
TDUFJPPAE2SZ,208
TDULPP3R9PPL,651
TDUNPBR84PMP,2112
TDUT9K3FDHJ2,1861
TDUTLM03A58J,2343
TDUXSEMP4UT0,1287
TDV5TWUPUK7C,1536
TDVHKKMGP5KP,2385
TDVJAPNRKLSF,269
TDVL0KTM9XRR,721
TDVMPW6B4NPT,304
TDVPG5ZD2PD9,959
TDW75PMJ5PPJ,715
TDWA8D3B3PPV,1191
TDWFFPPGG1RP,2057
TDWGH4NXPURB,2362
TDWHGPP4DP8P,2186
TDWKPFUH5WN7,699
TDWN4JMGU98U,301
TDWN7EUNKBRM,324
TDWPKMATCNPN,2464
TDWPNPP3AT19,2218
TDWPPCCEPSXP,2245
TDX05C7P6PAM,2298
TDX65CZJPP5P,284
TDX9K6PPPHZD,568
TDXALKLWBSPX,468
TDXKG0DPYRGV,1621
TDXKHP8PMMVX,1832
TDXKPPNNV1JA,2452
TDXPN9PJPXPV,2370
TDXTMD3EG0A2,1236
TDXYM5Z9S2PW,1187
TDYCFMKPPP9S,2194
TDYCPPHL3UH8,1739
TDYJPKPT42PN,1002
TDYPPBSXPZY0,1729
TDZGFPMJCEPE,1086
TDZHNTJ7EP6J,480
TDZJJSEPFP9Y,782
TDZXEPPSTPLP,1392
TO0CM1GB5MYS,1558
TO0CWTFLKP1P,2602
TO0D7PKYPDSF,637
TO0DBDG6PPFD,1555
TO0UYRPJ1ZLS,1607
TO0VSYP1JSJ7,820
TO119P5D5PUT,822
TO14PFGFPLJ5,2453
TO1NPJPHMPMP,369
TO1PBNLBVGEZ,2232
TO28PFPM9E7B,1987
TO2D16PKKPD2,1973
TO2KPPM8PRKY,426
TO2M0JHAL3H0,471
TO2NSVKMWDV0,61
TO393SZX1VPP,2494
TO3DELPP4NYB,1474
TO3DHLLZLFKU,133
TO3JGSP3NPUP,1559
TO3PGPX9HEPR,2230
TO46W9PA67PP,1766
TO4C3S6ZMPHZ,774
TO4GP86PSPFY,1795
TO4LPZSF4CNW,717
TO4NGLLP1JAP,2267
TO4V6LPJPHXZ,1109
TO4YYPFNFZYP,2083
TO4ZBK6UCDNK,1502
TO520FXRLWR6,2275
TO5DJPMMPAL2,1803
TO5FH1C4KAH2,1520
TO5P0LDPPK0R,1847
TO5PPLY9APFP,654
TO5RAHPEDP9W,1758
TO5SAFCYYCK1,1457
TO5STKS5UHTE,622
TO5TDP4YE2DS,1939
TO5W4YE5SJ60,2333
TO5YTFTH3RHU,2485
TO6KPNS0D34B,1495
TO6LGLSMPFTA,1178
TO6LPJPTMJHJ,265
TO6PLPPWPRDF,2607
TO6PUAMJGUAD,1043
TO6S691RP4KK,421
TO6ZN2GP8PP6,1613
TO71EPCAHVM8,1572
TO7J84CZ1MP8,445
TO7NXPFNVTMP,1174
TO7PTBP6HYPU,1684
TO7R1W5PDZMK,1599
TO7XNU4PNTCE,1521
TO8L0P9P71MV,424
TO8MB97PPMPP,2414
TO8NM6XPPPZZ,1802
TO8TM4PN89RP,659
TO90NPFL6PMF,1216
TO97YYK0PNL8,828
TO9DDPA81F9M,1775
TO9FNVYP8X1E,350
TO9MPRPBKPSP,1036
TO9NS5C9LPAK,40
TO9PJ3942PPC,544
TO9PR2PYCL4V,434
TO9SPM2S11BW,2220
TO9VEJMP5PP0,1457
TOA3PNVRXUBL,2348
TOA8SPPPNFMN,744
TOACLZLSH8GP,1255
TOAWMMJPPMGK,1446
TOAZTPBM0JYP,2540
TOB3XU94KP79,489
TOB8PPP0LJ7U,1841
TOB9MYWW44DZ,1776
TOBPPMWNYL4P,2289
TOBPTL2MPUDY,507
TOBPWLS0PBYP,584
TOBXPVUZTFVT,1856
TOBYCLHTDKEP,535
TOBYKBY7MPNM,1399
TOCMPJ3K1KWU,1794
TOCPMEPJ5PXP,245
TOCPRPBYNK8P,936
TOCRPNP4CRLY,1067
TOCUY5K1PGPP,1701
TODBLPPPPPPN,833
TODEPJPZ5WK5,2630
TODEVNRJ6JK4,1976
TODG49UVPDGS,709
TODJBP3PPUPW,1740
TODMNXP3TLJU,662
TODVPXCEN3XF,2537
TODWKCP96K39,509
TOE2MPJ5PDH7,611
TOE3PMTEZ4KC,1755
TOE3TYPLD549,901
TOEFX6VHP6JP,1185
TOEMBPSPMD8Y,1051
TOEP64CKHA7M,2212
TOEPBBJ7CLAC,2559
TOEVDEYB4PPK,1661
TOEWKZK2L7P6,2642
TOF4ZG5PKLYN,1576
TOFAKWBPPMPP,1294
TOFAP6GP7YJA,191
TOFVDPLYPP0Y,466
TOG7ZPNP44HH,1599
TOGBPAPPWJPP,1893
TOGEP9MMH9JP,1596
TOGLVDENPZDN,425
TOGPL9FWCWU8,2591
TOGPPCWBJP6L,480
TOGR1P4LAPUG,1201
TOGSBPMPAKPZ,849
TOGUS6HHPM77,422
TOGYBGEJPAXU,337
TOH6RJCDKPPX,2360
TOHL3PMPWPJM,2331
TOHLG6VML5PA,2374
TOHLP7BWPX3P,831
TOHY9JKP3XZ1,2096
TOJ0EPPK9GVL,1524
TOJHPR05L9MP,974
TOJN6LMPPPN1,1240
TOJPJXHHHJ7P,1501
TOJPMJZWPZPP,420
TOJPUZPTE9RA,2108
TOJZTWGHDJBT,1881
TOK0NDM4C9XF,2185
TOK2NPMLPBPG,2108
TOK3P11KPK8H,2207
TOK4JT8H7SR1,1953
TOK8PPMPTMPB,2297
TOKCAMPUNRRP,1911
TOKCTLBKP6Z7,2450
TOKEJU5FPUJB,857
TOKP5SKYPPCV,1796
TOKW2DD4PP72,1529
TOL91FLP0EVP,1444
TOLEFLCMA6LW,88
TOLMF9MPRXEU,2132
TOLPPP3HKYBR,13
TOM5T06PCV6S,1554
TOM6WMPEL00P,18
TOMF73T9K5YP,1028
TOMF8SPTTP6V,2666
TOMHHPP623JH,908
TOMJPDUPPBBG,1826
TOMKEMJAKPEP,2067
TOMKX5P8FLPV,196
TOMM1B1GPPZG,1278
TOMNBGH76MPG,2646
TOMPB911DRXP,128
TOMR2CFLJGP4,466
TOMSB7FHP0KK,889
TOMWC5APYE5P,349
TOMZFPPPJJ36,1346
TON5D64UPUJK,748
TON5RMMNPK2Z,1542
TON6PFJGFPC7,1922
TONCG43P5LCV,1519
TONFNJGPUP2U,1191
TONGFJJC3UM0,1710
TONHU8JTPEJG,2096
TONHX3PPJUKC,1724
TONKD7P0LPXJ,971
TONKPJSFXZXP,2664
TONNR1DM4PLP,2285
TONPWPCKMNT0,55
TOP0ED3WPP2U,1620
TOP14PEBZPRP,1129
TOP4F2Y2KNGV,926
TOP4P00PNZH2,1447
TOP4P2275LGS,1129
TOP60PKT56PA,91
TOP7P6CBTTUN,2218
TOP7SPMWPDVR,562
TOP8KZRBS7PN,314
TOP9HY84NN0A,2471
TOPCFDDELKFZ,2107
TOPCZWMZPEP2,2174
TOPD19B0Z9SS,2099
TOPDKB3AK2PY,2104
TOPDWPPKPPSP,1946
TOPE12KY91N7,2254
TOPEPL3PEPEP,556
TOPFDPPSPUT9,1897
TOPFSMN1PURM,1614
TOPFUNP71PPP,908
TOPGUAWP7P7R,1477
TOPH8R6SAPMY,311
TOPHL52SAPP7,2529
TOPHP7TTMYLN,1015
TOPJ274S3PVA,1598
TOPJ4RZKHC5P,116
TOPJPBJPXF4W,439
TOPL2P54X9MT,2161
TOPN2DKPD4VD,98
TOPNFPXPJPMX,272
TOPNKDYJEPPP,98
TOPNP9X0GV4P,1230
TOPNPNPJ6PH7,610
TOPNW4BYRZPP,1606
TOPNYNP3K0FZ,783
TOPP3N32BMK1,1025
TOPP53NLYPK8,249
TOPP7VHKJ37G,1437
TOPP844X6AP2,2437
TOPP9VPXN1CP,45
TOPPB24PGBF5,2437
TOPPFPLMZC0K,2307
TOPPG0PH65P8,1832
TOPPK1PJPJD9,514
TOPPL5MZ2X96,2194
TOPPLKPL3GN9,1958
TOPPMZ84P8HJ,2201
TOPPP3RKL0LV,2414
TOPPP6P2P1PV,41
TOPPPPF411KP,2262
TOPPPPP5S7X2,485
TOPPWB3JYCBP,1549
TOPR9P7L6PL5,2046
TOPS5NPP8CE0,1855
TOPSNH4PMPPP,1966
TOPSPPCPDZUM,802
TOPVBSSGZ1FR,15
TOPVPPE6HPPP,727
TOPW51LPJFEP,1810
TOPWUZ1ML1PM,875
TOPWWP8V3EXP,311
TOPXSPZ72PPC,217
TOPY4JZYPWXL,1694
TOPYDALPBL3X,1444
TOPYG77CVPKR,1277
TOR1JLUVP1EJ,1608
TOR2MPXA1P3C,1798
TOR6F7PPYEKW,1632
TORAAPF8YA3P,963
TORJP1NPF1P6,1886
TORKPFK734WH,421
TORL4YP3YLN2,1594
TORSPSJKHJM1,195
TORXEPH9PBPP,1071
TORXGP98PPUC,2071
TORZNS7GBSK2,1670
TOS10KDCP5XZ,1322
TOS1PNCUXPXV,568
TOSACR0PLA8T,2342
TOSMMB9PPLEN,223
TOSPPNRPNPKK,1424
TOSPPUPXY2J2,1741
TOSX17PRDPZU,82
TOT03P9MUUKG,107
TOT08JK6LC6L,1851
TOT0MYPN2PLK,2429
TOTBTMLYP8PP,1998
TOTCPP6RHY0P,772
TOTFZPYGP6PH,2035
TOTGSNPB8PGA,2449
TOTJF5L4FZ9L,174
TOTJTP7HMKKX,1348
TOTJXPBPKLP9,1864
TOTP5PCAM8PP,2120
TOTPFHP1PMPJ,48
TOU0A3DPPP7D,2636
TOUDGPW65DDF,615
TOUJWPKLS5PU,901
TOUNX3PZ5EM7,1813
TOUP75NJ8PU3,1079
TOUPMPJ5PPTF,2117
TOUTJUNPU1NJ,1481
TOV16JCJP8PJ,1587
TOV1Z2D0PX4P,1767
TOVAEPBZ4PNP,2574
TOVHB6HHVKJM,2106
TOWEG1JPM9WC,467
TOWG9DV3AUJP,2651
TOWH0BJPP5TJ,813
TOWPDSBPU53D,131
TOWRVTWP1HPP,786
TOWSXPM1HW6P,2201
TOWWBPPTUL7X,2416
TOWYL4DZB9MP,240
TOX42PJ4JZPY,1762
TOX4PBL0VPPV,819
TOX4PP9PP352,1581
TOX9K3KFGPY0,289
TOXMSC5LYK4N,1693
TOXPKJPH9PPP,218
TOXPNSF9NJY8,777
TOXPWWPNBKGR,1838
TOXZWP6P5P8N,1809
TOY07JLLLNDK,973
TOY2K34MPPZN,309
TOYF3P0RRTV3,1056
TOYJM8RAFKEJ,57
TOYPJH7PPMTN,469
TOZANAU1PJYD,37
TOZEAPSNP22L,2140
TOZGMAD46P07,26
TOZU5M3AM0PN,245
V02KZKFPGUAP,
V03LT1SW3PBP,
V0J9PR8RJKPY,
V0MW2KMJBV4K,
V0T5SPTJ2P99,
V0TJUGL4FNCW,
V0TSPKZH46HB,
V0WDK2PPSFXP,
V12VVT1ZJKEZ,
V12YYTM2GCZV,
V19W2XPPJJHN,
V1A7VXKPNL7C,
V1B1GYJPRKLP,
V1KPSPGMCPPG,
V1LPP0WK2ZBN,
V1MXAPPMPM0H,
V1NRPSFHP5CP,
V1PDPCM9K9VH,
V1PGJKPRNCHA,
V1PPHZP29PNN,
V1RRKPCXHJ66,
V1TM4FVN7FKE,
V1Z1W2VKPB56,
V253PLPKJ4CV,
V29P5DDN5PYP,
V2EXJ3P92PNS,
V2GPPLHK6EH2,
V2H29BKLPAPY,
V2P1Y0YE9P0H,
V2U5PVV4HKNK,
V2WPVEFDPP0L,
V334KNK3P63U,
V370ZPSAPP27,
V3BLTPAPGYMP,
V3EXKNEGPHGK,
V3FNZZ91MPPP,
V3FPMM0KB0EA,
V3G12UFT5YPY,
V3RCZKPMS3PK,
V3ZSNA0F1PPN,
V45VMK5PLPKP,
V48V3WKPPSLF,
V4ALJTPPP2UX,
V4CS6VDFFPEA,
V4KLLPP7V2CL,
V4L9L385PYKZ,
V4NC63XPMPDT,
V4PFNDY6PBBJ,
V4PP7GK2P5L0,
V4PRPDZPMH4V,
V4RSFPPSJPBT,
V4SM8SP0BTXN,
V4ULPM87PW2U,
V4UPDFDNPY8P,
V4W9LCPLP36F,
V4ZGPWMJ45U6,
V55PPK0PJLKJ,
V568ET7MEMVF,
V58HBHW3939J,
V5CF2MGVKDNJ,
V5G2PW4PBPP8,
V5H1AS3MYUNM,
V5HBG1JLVPD2,
V5HZN90P9JM9,
V5JJH7TDB0PS,
V5JPPEVZPPW3,
V5N3WP048PG7,
V5PJGC9PP3P1,
V5PSK4VT3PJP,
V5V9UPB0PUNH,
V660PPPX2CPU,
V66CZSPR6ZP6,
V67A4WVPP8PL,
V6FVPTMMLFE6,
V6G9ABAMADKA,
V6GE2P7H0PPT,
V6JJMPJR3PP7,
V6LHN14PLUSA,
V6LPPLGPL5X8,
V6LPYYXBEWCL,
V6PP04VU7NVU,
V6SPP6GNK7PH,
V6VTPZ314GMD,
V6WUHETUD5LW,
V70XEALDPPJP,
V770CWNTFPL2,
V7BCRLD9WBPK,
V7F5PFF67S5K,
V7GCUCG78VLG,
V7GJFKVPYP5R,
V7K3PJDVN53P,
V7M8PKPPM5WS,
V7MVH4PP7S16,
V7NTJPPEPKS0,
V7PEL42PYUFP,
V7RVPA60PPRP,
V82FPP9GNPXM,
V82PNV5N3C9P,
V8JZU08AV0UM,
V8P3PP61JK54,
V8PAPPFGFF2P,
V8PCM94MKMPJ,
V8UPFMCPZG9P,
V92P1NMJWMYY,
V9B9JGW8JJ6K,
V9HPRGWPHPCS,
V9J26MF04HCR,
V9KPMPKTVDJ7,
V9NDJJ95JP97,
V9P99YPY47JY,
V9PP6HPKWXHP,
V9PX2P91J5PF,
V9XWUJPBBM4P,
VA1KKXDP07LC,
VA1TLZD4PCMY,
VA3GUPBG4KP0,
VA3PPLRKZPBF,
VA5LDZBCTPEA,
VA5PMVLK43LY,
VA6P8R1XR6P2,
VA6PFWP3SW6F,
VA6XPBPLP6B1,
VA9N9LR8YF6P,
VAB20TRUGKEP,
VAFGEMPHSLPY,
VAFK5HX6D9V9,
VAGGWK7BPAP3,
VAH3LSPPDK20,
VAHMPGJN3KZJ,
VAJCSPPMZYPU,
VAJJJ3SLYPNX,
VAKKGDCL5PPK,
VAM87NPPNEX5,
VAMMPPAX6JPV,
VAMPHDVPP0PP,
VAP1EP32CPPJ,
VAP1TPKPP7P2,
VAPC0PXGYB2Z,
VAPLFPZJPBMK,
VAPLNUPLAMEE,
VAPPYVFNYMFK,
VAPV1XEP96D3,
VASNCRXLHPPP,
VAYJ2MN53PJB,
VAZLD9P0BPBM,
VAZPCVLYHDM0,
VAZW8PRAHNKA,
VB0PZPP2JP1L,
VB1SLLPJKWAP,
VB2NMCK0UX6P,
VB3GP6FZ7MPW,
VB4PPPD80KTY,
VB5TYX5NPPHM,
VB7DWD0FMMNP,
VB9DP3F5ZK5P,
VBA6PF5Y7MFS,
VBASLJGU5PPK,
VBCNKHPM3B63,
VBDEMEUPUYMM,
VBF2UKLAFGPL,
VBFCPJ5VJWLL,
VBGGNPT09JBP,
VBHELADKM9PP,
VBHPKMMKU95P,
VBJPZ2PP10LT,
VBJTCADPHUWP,
VBKP7PP9L91A,
VBKPXP1NRMDK,
VBMUACAULP7A,
VBMVH3P6FPPN,
VBNDVP2NAPLJ,
VBPCPMSSHAKG,
VBPFFPYP3MP0,
VBPJFUPZXLNH,
VBPKA6ZB7P72,
VBPKP2PHHPTM,
VBPPDBB3J4LY,
VBPSPVGFK5R8,
VBPYPPDCHV36,
VBSP3LJKLRVL,
VBTSZ3KRDE7Z,
VBVBPC7H4KPV,
VBWFYPP8BZPP,
VBXSN6DCPPVP,
VBYG9BKH3PPK,
VBYHYN2K4HR5,
VBZCPTMMNG3E,
VBZDK6PSGLZB,
VC2P7LKPX2DX,
VC357E85PKRT,
VC3CCNLL3EP7,
VC70CP2P6GB6,
VC81BK2DLAY2,
VCAP27WE4PPG,
VCDJPPMZ39VY,
VCGGGPBPDLPD,
VCGPY9MTPPDL,
VCJ18PJCEPUE,
VCJBEPPPPCUP,
VCK6MPFJJT4T,
VCK9Y7M1EP7N,
VCKLCHP7AJ2M,
VCL8LTPPP0ZZ,
VCML6P9J1L4P,
VCNP2007SLZN,
VCP0RN32EDEP,
VCP4GP5PC9J8,
VCPNMP5PPUPF,
VCPP805R4H18,
VCPPCPHTLHGP,
VCPPGPRUP7JL,
VCPPK1K9LBR2,
VCPPYJDB1NLP,
VCRPPPJAWPUJ,
VCTA1NJBEPXP,
VCTE2SJEB8ZP,
VCTWXLP1RAJ2,
VCTYFWND8GPC,
VCUXKPNNPP0D,
VCVP7JPSBGVN,
VCWLHPPPGJBS,
VCWP64PPB69V,
VCXXKEP9BMJ6,
VCYMUE2PFWNA,
VCYTLZPJLPTM,
VE4F0L1YP7NF,
VE69LBZH5PAR,
VE9H3WPZAPL1,
VED0PPP1LB9S,
VED20PAFP3PT,
VEEJ5PT8NPGP,
VEGPVUXTA2PD,
VEHK2P2K1GPP,
VEJB1NTPE1VB,
VEJKGJN1MPPL,
VEJZYLEB9APD,
VEKMPPMLDBB7,
VEKPSRMP20PM,
VENKEPPZPLHM,
VENP6PZPLEBP,
VEP39BYGMPTC,
VEP4PYPP2403,
VEPL6J7XDPW5,
VEPLNPDM2AP3,
VEPMPPY14NPH,
VEPZVNYP0PB2,
VEVYZ1RPLH06,
VEWDWCAPD4X0,
VEWFPWNCPPUD,
VEXTPW7TNNGP,
VF2XWNPPVWDT,
VFBDESN4SP0E,
VFBN5PPZJTCT,
VFC998PR0G4Y,
VFDPSJJPPMCP,
VFEACPUP6EPG,
VFEMHPN9NL10,
VFFRT1AK2HP5,
VFGVE4MK1J8U,
VFH7Y87NP4UF,
VFHRNBPRP26P,
VFJEPVKHP8TC,
VFKYP8VBPVPK,
VFLNZZSSYPPH,
VFLPNMFKK847,
VFM4LUENPBC1,
VFMPTUWLL96X,
VFNKKXFSH19U,
VFP7JNBMKYDG,
VFPDJVXPY6W7,
VFPE48HAFZ5P,
VFPK0HT1PR0P,
VFPM05PLWPPL,
VFPNM4FBK680,
VFPPPMFPTNPY,
VFPRJPP7VPP1,
VFPWA7J0GRLP,
VFSCLNJLCSPT,
VFSXSP0JM5DT,
VFSY0RG7PPUP,
VFUP5NLXCKPP,
VFUPGVKP81L1,
VFUSKPPCP0PK,
VFWHBPP8MPPP,
VFWUHPM6NPP1,
VFXPJHKP79LE,
VFZ8MXW5Y4T2,
VG019J07SE16,
VG0RPG5DJFPP,
VG1CHHJXPRXA,
VG5GEPMPAFP7,
VG7PBW0WHFSP,
VG9KNELE04GP,
VGBWVLPSLPFZ,
VGDP8KP8RGPF,
VGE75JP1JPNT,
VGF9NN3HWU38,
VGJFXPVPVA0E,
VGLJPA1YKP5G,
VGM04EP442FS,
VGN4PHATCNG3,
VGNPDT8PPG1N,
VGNPXXF58V6P,
VGNPZFPJJSPN,
VGP3HXK8PRHG,
VGP7PJ51P75B,
VGP8PYAD496F,
VGP97XPPJPEG,
VGPE98PPPKE1,
VGPLEFPTJHXA,
VGPPPGSPWP9W,
VGRKJW6PYXJ2,
VGTJPPDNNS2Y,
VGTPPDL0PBP2,
VGUJP2LRP71P,
VGUPJLXNPHPP,
VGVKND1U6SZ2,
VGXPDDJLB4VL,
VGZP3CRY3BHP,
VH0BCHMXZ8P1,
VH2GPK5P1SKR,
VH3JLPNH70BC,
VH4PVY0EH4LP,
VH5DKRCLPKK1,
VH5P8KHMAMAA,
VHALPTVPP4KJ,
VHBPMGZP4WGP,
VHCNYBP75W81,
VHFHPDJMJN8J,
VHGKMDPP3KP8,
VHH6G19NLU1Y,
VHJEEBK2DJJ1,
VHMPJZP1BN79,
VHPCJ9V6B8X9,
VHPCMDE2PKBP,
VHPLPWCA2NUZ,
VHPNPSKP9SG6,
VHPPPPPLDKZP,
VHPPTX55KKPB,
VHPPWAP0SV4B,
VHPRLENPTEHM,
VHRTPY9GSAPY,
VHSCFNGN2BCK,
VHSNEVR1PF7F,
VHU6PF9PVNBP,
VHUW7PEN123U,
VHV4JKWGGP3P,
VHVDPVP78EK8,
VHWWKMUUACPY,
VHX5AGBPMJ2N,
VHXDGMFPN3PN,
VHXRKZJMEP78,
VJ1TFPNEKE71,
VJ5PPBPMPPBF,
VJ9NGLEWK3HB,
VJAHPJE4PEUP,
VJEPXY6JP392,
VJJJB3DWP3HP,
VJKNTG2HFK5P,
VJL572KLCEXF,
VJMPPNPLV397,
VJNGZXPANPVY,
VJP3J7MLPNCS,
VJP6LV4LEMG1,
VJPMDA0J5A10,
VJPPKBSMKPKM,
VJPSLXHKEZP2,
VJPUYHVVKKTA,
VJRCKTKCAJE8,
VJTPVLRX2YWP,
VJTVA1P8P5F8,
VJWPFP1B4PLP,
VJYRZPL7PMJR,
VK2S0P0PD03P,
VK6E4B9K5HMK,
VK794PP97LPK,
VK9P6AHBPP6U,
VKE2PFDS1PN1,
VKGPYZBPMJ89,
VKJPVA0MABPP,
VKMENPP4SLNP,
VKMFYPE4SHPJ,
VKMMZP5LMPCN,
VKNKPVTX9KPP,
VKP1JPT0E4P8,
VKPYP81NUP1Z,
VKRHY557NPGJ,
VKSJJP1DXC4B,
VKSY6PKK2PPF,
VKX2KDBL6BGE,
VKYRZKPCBW8K,
VKZ220HDFPLF,
VL3JPS4SPJ97,
VLAEG3P87JJ1,
VLENCKP2L9AH,
VLEPBPT86ZDD,
VLLKNFPSPEPB,
VLLR08PMARUV,
VLPAVMWMPJPK,
VLPP5F42PLFP,
VLPPYZYDPATP,
VLPZLPRGK3MN,
VLR0KBNKN3LD,
VLR9P6LPG4RP,
VLRXK9PPL5EL,
VLTNPBDJW769,
VLUATPSPY6P4,
VLUHRNKABJNP,
VLY7NJ4FD15M,
VLZUNRJ8APEH,
VM0BGF7PMPAS,
VM0NMXZ5F1LW,
VM3AUPW6LP1P,
VM3CNJ86WZ81,
VM5PP84LKK13,
VM5PPDKPCCWP,
VM5TWDCDJ9UY,
VM5WP0PYGDPP,
VM78732ZJRPL,
VM9M2WHPGPAK,
VMBKPPF41LBP,
VMC36AJBPPVH,
VMFCRUJRMMGT,
VMHP4FZHZN42,
VMKHPKLNBBJ1,
VMKHUUKPDPM4,
VMKPPXP8FJ38,
VMKUPD28N32P,
VMKYJ0KMPPG2,
VML1PNRS6F1L,
VMLDAJ5P18PP,
VMM8Z4EY3SNW,
VMP1HGMLPJGR,
VMP1JFPPPKLR,
VMP73MHPZGBP,
VMPAJKLPRYLG,
VMPEBM0UKM19,
VMPP7VWPDV73,
VMPPKNPE28BB,
VMPPL4PRHLPH,
VMPZJRVCYD7Z,
VMU871T9RPAP,
VMUNRTB1XKGK,
VN0HKB7N2NXP,
VN4N1L6FH6TP,
VN81LGXPN66B,
VN8DJK15PPSV,
VN927XHPTDMW,
VNA288RF01MH,
VNKC1ZJTNNYL,
VNL5AYN2X2XB,
VNNG7PNJAPCP,
VNPE6SJJF8PN,
VNPFP57PZHJK,
VNPSP9T3KPLP,
VNPVKKG0AFVD,
VNPYK8254PSF,
VNSRZPC1PVYD,
VNWED7R10EJ7,
VNWER3WJ6RPU,
VP0DJ6KX7WLJ,
VP1GA7PSZKLF,
VP1HZNN9P6RG,
VP26NJ8FPGT2,
VP28MRD4VXEP,
VP2LPFB6WPWP,
VP2PBRLPMPRP,
VP3BNPYPYZ5F,
VP3DYDVPXB24,
VP3PLM4ZCTJ9,
VP3PPNPBUZSH,
VP3TLNKDLLAL,
VP3VH8TPRT5L,
VP43VPKWBVUF,
VP4GBJEPP66X,
VP4PM3PSVK1T,
VP4PPP7KTTNB,
VP4SW0ZHPVPV,
VP5PPYEPNKCP,
VP65MLLFPP11,
VP6V0DEMNVP2,
VP73X2KCH2FM,
VP7PJSJGPYKN,
VP9L0R7XMHP7,
VPA50P7DCKB6,
VPAN4K18RDRD,
VPAPXS6P8PRN,
VPBPDRPD5DPM,
VPBSE1XPL3DB,
VPBT1MW8WJ2P,
VPC6P00LGSYG,
VPD3G4M3PRM6,
VPDE2ACL93JG,
VPDLEPZYPJ4P,
VPDNHPXDXJP1,
VPDPXLJ5LSGL,
VPEMSXVAVEWY,
VPESRLW75LC6,
VPFJAUBERVPK,
VPFPJHPPB4NM,
VPFPJMKPN899,
VPFPV7H5P58G,
VPGBKBWPELWE,
VPGHM2FSPXK8,
VPGPAKDZHM0P,
VPGPT7D7KYP1,
VPGXPPJPYLVP,
VPHPKPPPAZPJ,
VPJ9P29P3E1E,
VPJMPPPNJE8M,
VPJPMPCWPLVD,
VPK3PZVFNJ06,
VPK9BMJPPBRV,
VPKKPJV0PYW4,
VPKPNWJPMKAW,
VPKSPFXWNJ7G,
VPL2RPK15GKP,
VPL5HN9L3YXK,
VPLJP5PPXHAF,
VPLKFHLAC7P8,
VPLPTTUPWUV6,
VPLRP3RPCDUJ,
VPLVJNPNUEJG,
VPMSPS0PA5PP,
VPNFGGL31S9P,
VPNMWPPMPCV9,
VPNPP3PLKMP6,
VPNSZ92RKHSC,
VPP07PSYP8RU,
VPP0SBPJ2DPL,
VPP486P6TJ8B,
VPP9PWJRMZMP,
VPPBP1EM2XRZ,
VPPEPKPFEPKC,
VPPF5BPGCRSP,
VPPHCP0M9XV0,
VPPJZ78NMVNP,
VPPKJSPGMR80,
VPPL1FKNPTDN,
VPPLRLPP6PKE,
VPPMPP3CSBT4,
VPPN5P62RMR4,
VPPNE5PN38PM,
VPPNENHPSPBM,
VPPPKNJP4P0D,
VPPPLHDKPVLC,
VPPPNG61TMA6,
VPPR0PSLKS67,
VPPSFUPKP0UP,
VPPT860SPJJ2,
VPPU6JR6EPJX,
VPPWP66AP9PP,
VPPWTC5PPV78,
VPPX4ZYPPNPS,
VPPXCDPP5EP6,
VPPZY465P06P,
VPRPP479PNBV,
VPSPAP34G8AA,
VPSPUPG4NLND,
VPTG87KPPCJ1,
VPTPXR3WRLGW,
VPU4J7LPKF1D,
VPUD5JG3LP6Z,
VPVKPFENPW0L,
VPVPGPJRURPP,
VPWL6JLPHE2P,
VPWPWABPPNZP,
VPX6PG2JAAPB,
VPX9YPA2JPD5,
VPXNCZ5ZMAFY,
VPZK8UKM2GNL,
VPZNLWD1UPPR,
VPZZM5PPPP30,
VR0F2PNMGP8G,
VR0N1SNZW8VX,
VR74VNWZZKNR,
VR7CPNC7KFS0,
VRGP92YPCYBK,
VRKFJPE5RKR4,
VRLPXDPSKH3P,
VRM7KFP00PC5,
VRMFYLZVXKE6,
VRNKM0DTFLPR,
VRPB87MPMP07,
VRPG83MJHKPF,
VRPMPMAB4W6P,
VRPN0N7F5YPP,
VRPNA5SR9BPK,
VRTPFPRH72PZ,
VRUY23KWT86C,
VRWP34W0CCXU,
VRXS7L363TPJ,
VRZMVPLPPC8P,
VRZTPTPUPYLN,
VS68DP10RPP0,
VSGDFJGHLVFP,
VSP34GPJMCPP,
VT0PKPWBHPP6,
VT3M6CKNNTNX,
VT8YP6LPSSZZ,
VT9SU6PLJ392,
VTJLCKPGX5PP,
VTKXCPP4F7DP,
VTN1NLLB6PXJ,
VTNCAKVPFDXC,
VTPLJSG4NPBY,
VTPVFA1PNESR,
VTPZPJDGPPDF,
VTSZMEADV6P9,
VTTR9LCZXTT2,
VTUCERYLMFD2,
VTVAL2ZPPFPN,
VTVKP49NPPD8,
VTWSZZ1CCYYL,
VTXUP2NDALXX,
VU7DKK9B5PCT,
VUK07R1SSPKH,
VUKCPH0LP4PN,
VULZ2HHZSPFP,
VUM227NN5M40,
VUNLMPXL6YP9,
VUNV87P8JS39,
VUP164H9PG2Z,
VUP8KMB1UPG8,
VUPATAPGPDPB,
VUSPC3PPCRJT,
VUWRPP25CBF8,
VUWRR8KMKPA5,
VUY4KMVCPAGM,
VV2P99D6P9AL,
VV7JPPFPPMNL,
VVFM3RNNZPLJ,
VVFZKPHYPX51,
VVPPPF5PHNCP,
VVRC0KLWBM1P,
VVRELKGYL4CP,
VVSC8EY1UXLY,
VVVWACKRJS2P,
VVYBNKMDJPHL,
VVZP8DPNPKY4,
VW4P8PPM0ELT,
VWB3VSP0KZPG,
VWCYRLWMPVPM,
VWDC3GT3JLPX,
VWHZPUH2PPKP,
VWJXKPDY9PPT,
VWLCPPPD8PWP,
VWPP1BFSPPPX,
VWWPCKSPXDSJ,
VWZPSLPPKMNZ,
VXC5GUMWLDPC,
VXHJUCJXDLPP,
VXPPXJNP2KKH,
VXTX1VLC7SPT,
VXUC1U5APPKL,
VXXPP6JS3MJW,
VY6BTWPMS29P,
VYPPMPJUWPHM,
VYPV269H7PPP,
VYSYVPTPH5ME,
VYUNYTPXWHUN,
VZ2PNYFWWLN0,
VZ3ABP36PPMU,
VZ3PMJHXYJPP,
VZ5NT5JKXPGP,
VZBU7KPHP5NP,
VZCJXBXBTTLM,
VZCVVHRS6KJP,
VZMXPM99AJ2Z,
VZP8P4M6RM6P,
VZPPGHM225RZ,
VZPYK67PPPUP,
VZTP2GWUFA1V,
VZUDHE8P8363,
VZV1APPCJPCX,
VZXLWHFMPL1U,