account_number_fk,username,password,type
1,AAAA,password,customer
2,BBBB,password,accounting_employee
3,CCCC,password,package_employee
4,GRDL,jIgJZNqTT8,customer
5,LXVO,8etGR6n56n,accounting_employee
6,CBLS,pGMQIm1ygG,package_employee
7,XEIG,ft8CYOFogJ,customer
8,ZNLV,PmTwPy2pI2,accounting_employee
9,ZGUJ,jeksLeN2Xc,package_employee
10,QFTC,WrWvgSREyu,customer
11,XIUE,P226EmVVTb,customer
12,HAWG,vhLDoXVtkj,accounting_employee
13,QQBD,8vxjuTwLDM,package_employee
14,PGTK,WurEyw5Yhb,customer
15,KBVC,605xZTqRSK,accounting_employee
16,ELVT,C3wvKZksVI,package_employee
17,PGGL,ppgeBHV2T3,customer
18,RFVG,eS5cFWB83B,accounting_employee
19,XFOX,jWBzABYTAQ,package_employee
20,DJPV,RFptHZ2keu,customer
21,ERPA,aHYBnkCDd9,customer
22,UBLR,ZnzAHu75sU,accounting_employee
23,MGQH,5MmELqAwZM,package_employee
24,FIVC,LL7xLDygfp,customer
25,LFAB,qBaPU3vLPk,accounting_employee
26,ZAMO,AuhYM3nfgy,package_employee
27,BYMB,TZRrWTwqPO,customer
28,TVTO,KGbn6cpM1c,accounting_employee
29,ZXDW,VXTZAAc1rJ,package_employee
30,QJPH,gnhBd5l4Vk,customer
31,MPAB,ECH8LS9frI,customer
32,SESX,aKD9MUD8AG,accounting_employee
33,NOFI,yPsvhuAXtz,package_employee
34,BIIL,CrTeeNCTE3,customer
35,MQZC,XAarCzzxyb,accounting_employee
36,PDPR,s23g1IoKmC,package_employee
37,LHVI,5i2KeWLtrs,customer
38,WZLN,GpNLW8Jh7t,accounting_employee
39,VLIN,R6NgKKzlos,package_employee
40,UYDM,zrqsd6E7oH,customer
41,VRQI,VKjQ3tXlQm,customer
42,CNMI,KpBLJb6yP3,accounting_employee
43,NHBY,q3DPEpCB3o,package_employee
44,ENUG,jzWXWMpVRo,customer
45,NAGX,Cr8TaV6IWF,accounting_employee
46,JGFS,70EeFQQs7Y,package_employee
47,YYID,10g0sSAVts,customer
48,VVSQ,NXNpcoIYdA,accounting_employee
49,SKEF,eC8mpWYFFt,package_employee
50,WYDH,BqgztFGq5c,customer
51,OLSH,NCJ5gqQxbE,customer
52,SQGQ,NaVbLwdqGU,accounting_employee
53,JYYA,ddGMxKNXbl,package_employee
54,NJMF,uDGJQvKI52,customer
55,TRNV,QsJL1psSvh,accounting_employee
56,QJUO,aMDhIQeHwp,package_employee
57,IZDU,dAr1pDORJn,customer
58,YCCR,mIrHPNUpZR,accounting_employee
59,CVYN,xgzYQpOpOD,package_employee
60,DBSS,dDUDQi0new,customer
61,PPSQ,m8iUEoiS7J,customer
62,CKFZ,aXdCMbofgQ,accounting_employee
63,TKKH,jG9qyoCMJ1,package_employee
64,QKVR,DxTIYpJtNe,customer
65,JGVD,igIwWcRMOl,accounting_employee
66,YBQV,isOiQ9PMur,package_employee
67,RYKS,9zgfRo3J4Q,customer
68,ZIFV,EARwZmrIsC,accounting_employee
69,ZNKS,uSaJqUWzlG,package_employee
70,CQIA,f4YW87Jg9p,customer
71,POFC,kDA385AzGx,customer
72,MNUE,ATiWVacixf,accounting_employee
73,WWQH,91QVKb0jol,package_employee
74,FJLH,1AcuJmRZGd,customer
75,NDLI,Jni21Dn2zu,accounting_employee
76,ODBP,nCoPDk4uuU,package_employee
77,TAVC,oRW0PfftXo,customer
78,BVVH,M29IViE5Fh,accounting_employee
79,RNGK,HC5M5LE8wv,package_employee
80,YYME,Z9Uz1Ry0ax,customer
81,ILFY,R4tNcyFQKL,customer
82,WCAE,E5ahjwpIlD,accounting_employee
83,JCJY,DsI7dkENUR,package_employee
84,KHWZ,AlqaOomcrB,customer
85,OUUX,EiYVqLJK84,accounting_employee
86,NIIJ,7ATxs49Ojw,package_employee
87,MVTX,E4nrcW0doK,customer
88,TGUB,3SNrVOWPtJ,accounting_employee
89,YULN,3j9rRfUwdo,package_employee
90,ISMI,6nXXuRztWJ,customer
91,POAG,WB9klZjsCD,customer
92,FNOM,izKnuXQAa8,accounting_employee
93,QMUI,fxefyou51a,package_employee
94,BSYZ,9uNGIHhgBy,customer
95,ABBV,ZYd345mqxT,accounting_employee
96,THKW,toNvOT4Kh4,package_employee
97,QQEL,vnD98wAbBA,customer
98,TIZQ,Vwxt6VGaRd,accounting_employee
99,FXSO,oEQrctgb9c,package_employee
100,TOVF,Gi9QF1CoZX,customer
101,KJDO,uoppk24v66,customer
102,MGYX,GibR7EvqJV,accounting_employee
103,KNTE,ShoGBBCJnW,package_employee
104,HFCY,hXEUWyfp96,customer
105,HLXO,PBO9n1NmoS,accounting_employee
106,OGUM,3Xa2FZqHxr,package_employee
107,GMCK,Hj1AOjqSFE,customer
108,HQRO,8h42xrG9fH,accounting_employee
109,VSJD,mEMR8r0feT,package_employee
110,QVDR,szEUxGqDpV,customer
111,ZTWJ,BwcKzWhdeL,customer
112,WLHK,w5KUVmRAZv,accounting_employee
113,OWFT,qDtZWIgHYt,package_employee
114,WWCD,vM6wjqZ9ht,customer
115,WERA,RfZrouz4Tn,accounting_employee
116,HHLJ,dr2nLtejOr,package_employee
117,RYNL,p9uVGm4MfX,customer
118,SYMU,z31KsfGwPx,accounting_employee
119,NOON,Zs21OkDuCI,package_employee
120,NDKT,UYElrQu16r,customer
121,BMDM,OzyyNB4YTT,customer
122,DMLM,Dz6q4YvyEz,accounting_employee
123,NREL,PLu6GmtIMm,package_employee
124,IFYP,8by7nsIcyD,customer
125,YQUO,0RKagtwitf,accounting_employee
126,YYEH,thAfK1WRIW,package_employee
127,GCBO,wn7mJ7wO2x,customer
128,FNEJ,cRxEUndFrI,accounting_employee
129,WCRD,XwjOFi0A1o,package_employee
130,RKUC,SwajGNsb2C,customer
131,WRGK,1QEgZTUEtp,customer
132,EQMY,1faQiASgLk,accounting_employee
133,JMPM,23gWWGAykr,package_employee
134,YKNB,wuFPTDRBc8,customer
135,RCSF,XfuHCPImHK,accounting_employee
136,MKSN,NxR6QpSKE1,package_employee
137,OIFF,HF5PqnI85i,customer
138,YWRE,KuIL5R02uF,accounting_employee
139,ROPZ,Lr0lB4V1yq,package_employee
140,EDSV,snkyE6aIvf,customer
141,BLYK,kgLEczECkF,customer
142,VLRW,jBhocuKebr,accounting_employee
143,OFBF,kFLUG8xsAp,package_employee
144,PKLB,YUxfRxlDMK,customer
145,ULMJ,EqYNMInipt,accounting_employee
146,HXTJ,EtuZsJtcfS,package_employee
147,ECSO,YyXj4uLq5o,customer
148,JVHK,GAgdWQN4Zr,accounting_employee
149,UDFK,fUhUWBuyXS,package_employee
150,USAF,maj2hMRVvo,customer
151,AJCW,Kr4GkkxMkC,customer
152,QCKP,lhwhrngsqC,accounting_employee
153,LDBM,evMcUj7Rl4,package_employee
154,PUWQ,ObbNP8Vi3u,customer
155,AYFB,BuYYzoxt8W,accounting_employee
156,PTBU,cHgnygBJ0G,package_employee
157,LWAD,NjjeA9XSDW,customer
158,ULVW,aAzgI15Z8J,accounting_employee
159,VBVD,IelqbhGmA4,package_employee
160,NTSV,vdGP0cU1Kt,customer
161,BRKV,4F8zdDLmSc,customer
162,PYIY,hcHpb96wYX,accounting_employee
163,ZRUR,waJ15BlvMb,package_employee
164,GYXD,ISUgsGItRv,customer
165,BYLL,QO3G1JYRK3,accounting_employee
166,FMAZ,se5t72vjUH,package_employee
167,MANA,p6dRdqjsim,customer
168,FCMA,lchTmmzWkc,accounting_employee
169,VSZZ,xnHZcJ8oyA,package_employee
170,DFHA,ozaTuJA8uN,customer
171,ETNQ,GQwCk2Qr6b,customer
172,BHPF,tgWdycuTmo,accounting_employee
173,YAYE,bIVF1ItZy0,package_employee
174,KAIG,yZiN81efcM,customer
175,LDXY,8B5cWJeQqx,accounting_employee
176,NHUT,mZQMImv6Um,package_employee
177,YAKJ,NdfVudUa5l,customer
178,LWFD,3f1gjG0VAi,accounting_employee
179,IXCW,uNhsn0I2gN,package_employee
180,KVVB,aem4pxIJy5,customer
181,ZTOC,9TvNERHtme,customer
182,KIVT,BSEcgrOoGS,accounting_employee
183,FVAD,LnZPnhKVGd,package_employee
184,EHRP,e55jfknLFr,customer
185,GEJB,Ke4Uza5wT9,accounting_employee
186,IEFF,sklSIrIUsf,package_employee
187,NYCQ,8baS0xgqE0,customer
188,JCOJ,oMBwig8TTQ,accounting_employee
189,UBZD,DZIRSN1cVv,package_employee
190,OSLG,wpvLhuRp4e,customer
191,PBZX,ekfNvT2GJe,customer
192,AOXD,5GIuVAmTbR,accounting_employee
193,VUSR,6tqEDaYlsl,package_employee
194,YCOB,FsGa4Mnaf5,customer
195,TCNU,aXdLZ3IuKv,accounting_employee
196,ZACJ,IpMyncpC2K,package_employee
197,WWWY,FF97JpsCWG,customer
198,HOEP,NXlANpBWWJ,accounting_employee
199,ZPIG,4ybBoDoDzh,package_employee
200,FGGY,HDEbfdKYem,customer
201,MIEA,01bCLNe8Lr,customer
202,FXRW,176badzvrY,accounting_employee
203,GRXO,RzZxuUYz4F,package_employee
204,YAKE,53pCIwvWRF,customer
205,TPQC,WkgnrqWgc6,accounting_employee
206,LWJM,hNFauhnBRN,package_employee
207,AQKN,KV5JuqxEgB,customer
208,HMWU,8HrGS0j5Dl,accounting_employee
209,AXIV,IfAkNJnG77,package_employee
210,RWHS,0sqBtOR4Gv,customer
211,EWVF,Yogz2KJqT1,customer
212,QLGM,7wzu31nkB3,accounting_employee
213,CDXI,vFGQorn0YH,package_employee
214,BTYW,Z6vBJSHEF6,customer
215,UAZS,Ahf1nCN6pW,accounting_employee
216,RSDL,XolIWtJHt5,package_employee
217,ITLO,8LN5uOAUiM,customer
218,HNNG,dNi0KKbZIS,accounting_employee
219,SYJH,pkjIVjZxlX,package_employee
220,AEJD,SKH8SFOWVX,customer
221,JWLU,C8qzKZanxU,customer
222,CDEE,SkQiysPwJS,accounting_employee
223,VUQG,tkoLWCrcmw,package_employee
224,XVVY,jTEt4sam56,customer
225,IGYP,jJheL0PDu1,accounting_employee
226,LEUD,iTfQfoJCX5,package_employee
227,SSZZ,PNj0JfeQFo,customer
228,UTYX,XwlJXQYLvm,accounting_employee
229,IYOF,9P4e9p9qEm,package_employee
230,JEIW,7wWkfcPRmp,customer
231,QRHU,DOxEmN9O1i,customer
232,AIAF,4XcNk2kwrL,accounting_employee
233,JBUG,06S63Hsjt3,package_employee
234,JGOF,JN8I250gQO,customer
235,RHBU,F9Mzla8kpa,accounting_employee
236,NCSV,eIeLLNNqul,package_employee
237,FVRH,ETjLLEs8OW,customer
238,IWIE,wQtRTkRW1z,accounting_employee
239,GINF,54ruroEG59,package_employee
240,GBBJ,MMWp3yGsz0,customer
241,HSEN,Kh09xCAalo,customer
242,UHSR,lXcmVFFM9p,accounting_employee
243,UIKF,4osPGf2Utp,package_employee
244,CTYB,7r6reX86xS,customer
245,ZSQE,d1VG3nnVF9,accounting_employee
246,JDRK,73DdTbZHom,package_employee
247,XMLH,HaazT71QCr,customer
248,ZULR,SAnbtc5Ebi,accounting_employee
249,UIXB,9Tt2Lx3GjH,package_employee
250,PAHA,o5JPjBa4xb,customer
251,YCSM,9mFihADA3W,customer
252,ERAX,LEaB4I9VUk,accounting_employee
253,SXTT,yi0SCl5SHw,package_employee
254,QXDM,LuR3T9RQhA,customer
255,DRKS,bLIIMV71Pl,accounting_employee
256,BSDT,19ZHke8xSc,package_employee
257,COGW,MaxVaqeGGt,customer
258,VHDE,3XH7ELowaR,accounting_employee
259,BOWO,7mZFG0nStu,package_employee
260,JNBP,tzDS6vAZ6E,customer
261,WCIQ,g7Mq25nkbQ,customer
262,XEMZ,9HGuMiJ1kK,accounting_employee
263,ZUAK,axNeLVuvIr,package_employee
264,MCJF,hoEDxCYwVg,customer
265,MMLF,mN19AY1p4O,accounting_employee
266,VFOS,SrZFRfz8sZ,package_employee
267,BASF,uiSTPPLWO0,customer
268,IHZE,26K2nrSV1m,accounting_employee
269,ZCYK,1nrReh9uzH,package_employee
270,WEXD,kqLfaAvZhq,customer
271,FKIW,lxUjy1MUJZ,customer
272,DQQF,T5x5WZnWgA,accounting_employee
273,XQMU,aX5xnKp4fA,package_employee
274,EOBX,JRdq9dG9oc,customer
275,TALO,tLHWsQvcU6,accounting_employee
276,IAQK,qYP2tEKBIK,package_employee
277,YSEI,bDmqMYN26M,customer
278,RECL,rksZS8fyrY,accounting_employee
279,BDGB,Nyt0kLTeTr,package_employee
280,AODX,85ZsrcFuMa,customer
281,DJOQ,ey149D7SRq,customer
282,ATAH,gvz0F7uHTe,accounting_employee
283,QZIQ,sPxqCpO9ER,package_employee
284,JAZQ,UI7ISsp5sS,customer
285,TGTN,t3Pzu6MnvJ,accounting_employee
286,DELH,wvuuxiZGaI,package_employee
287,MRWU,9DFuiydjNi,customer
288,QQAQ,jlt16oSkvv,accounting_employee
289,ZGVG,ogS3qyXw0b,package_employee
290,WRAX,i7F9GiuWYj,customer
291,UUJV,idGQClEpj4,customer
292,CRAQ,pYs9axOPzw,accounting_employee
293,TGDL,j9x5BhIPFt,package_employee
294,LFYD,17KL7lmYLT,customer
295,BEZU,BtFH9jvBW1,accounting_employee
296,VKSD,cvOLc8dheh,package_employee
297,JGMA,gGPpg7vpHb,customer
298,JWUV,4XmxffZsQa,accounting_employee
299,OXQY,jQ0LhvoNVe,package_employee
300,CEGG,azgNIBzTTH,customer
301,IIOV,8YJar3CjmC,customer
302,VXJW,fOAKWHaGJr,accounting_employee
303,JHXM,GaotsIKzgo,package_employee
304,TXAF,tm0E0DtF1Q,customer
305,PBWV,T0u7MSBiqm,accounting_employee
306,JFIV,OPmekc7Q5A,package_employee
307,HNKU,0iOlLK8e53,customer
308,DYCE,WU3WEo0kSU,accounting_employee
309,BSGC,qcYthQGkzy,package_employee
310,TWKC,FRJuPGBOzA,customer
311,FYUA,N7iPGCoKww,customer
312,KAJF,oz5Lzcb4rE,accounting_employee
313,AJQR,TjCsNOIY3A,package_employee
314,HVIP,iLMQ6lP6sL,customer
315,EPCM,a925pagIo5,accounting_employee
316,AVXQ,ZcqQm1KCxz,package_employee
317,RBDP,dqF7EP6wpV,customer
318,HDNH,teVgf4uAaI,accounting_employee
319,ZYCB,1PXeYWyAGW,package_employee
320,LMBF,DYOAjJDRJ1,customer
321,ZTYP,8rTUN7qidt,customer
322,HPWR,6HxowcPiq8,accounting_employee
323,AQAE,hkVPtRVhGv,package_employee
324,RRJC,tfVPHHKGIU,customer
325,PWNV,gC6pFuhDFe,accounting_employee
326,UWNN,wMg2tusHkY,package_employee
327,PIXB,YvSwUKYYkn,customer
328,QMAQ,LVzhsg0F5W,accounting_employee
329,QHPU,wtIzFXXAYt,package_employee
330,BLQD,QejlqWMwEw,customer
331,GOHS,nsXyAMNm6X,customer
332,CUSY,04EfdV1p78,accounting_employee
333,CCKL,E4l8RejjUO,package_employee
334,TDIV,cYmiT8mpOf,customer
335,ORXK,TtPV0O8tSE,accounting_employee
336,JJYM,pjaXg4N4vG,package_employee
337,RTYV,aPbnuy6guD,customer
338,KWUN,ejIzfNrWUp,accounting_employee
339,STGC,kzMxWOZ9fZ,package_employee
340,VVJI,t6jSMgxnYM,customer
341,EDRX,wu2Ar2t03u,customer
342,IZXP,qoUpA1vR0T,accounting_employee
343,BXWE,pgFwxNEkx0,package_employee
344,IMPG,rSp422i9OQ,customer
345,TGXP,3OSKgfDW81,accounting_employee
346,BQSY,6VeFkHKVHi,package_employee
347,YLHD,2FAsKtX9p1,customer
348,JOVA,OXb4A0YQWU,accounting_employee
349,GGBB,mxKPYDPFb1,package_employee
350,SWUH,1GDnDOUefg,customer
351,KNKI,MSs6C0KL7L,customer
352,TLTA,VFnNrYIbVO,accounting_employee
353,RROG,jnwKe5bnFf,package_employee
354,HRGM,UWogGOA67f,customer
355,ZTAY,vqRyPfbiRG,accounting_employee
356,VHIR,V2GCUSq97u,package_employee
357,GIHP,8sHQGnVL7N,customer
358,CPTS,X9my2Bcae1,accounting_employee
359,JUID,j7II1YvTVT,package_employee
360,NXOV,vtGjZ7DiYT,customer
361,LMPN,sRobnJ2mmT,customer
362,JHFX,V08bzblA7T,accounting_employee
363,CUWO,Q8jA6o9rQ7,package_employee
364,MBOB,oPF3jCODY8,customer
365,MWGC,gy8TtYflTi,accounting_employee
366,IBTC,UvPyEtsMGJ,package_employee
367,WYAH,darCixOp1f,customer
368,UKJG,78LKGjILP3,accounting_employee
369,UAHR,1D456iBkzq,package_employee
370,FHFY,cYxGMXs1IC,customer
371,LLQP,NhyslLNNOV,customer
372,QJAF,Vt5gMSt0Pp,accounting_employee
373,PYCT,9IemE9U9sx,package_employee
374,EMGX,ZZmDtJydKK,customer
375,ARIF,D3QSK4Jyww,accounting_employee
376,QGZY,0gtgB024l3,package_employee
377,VGQJ,fqJXiqsSbq,customer
378,COCC,K4lsKafxWO,accounting_employee
379,JJNR,kgpGM5NVUU,package_employee
380,TRBP,u2g38D7Drp,customer
381,BVDJ,bbAkJv8ofV,customer
382,WFQI,3MBFY1ubql,accounting_employee
383,GNWI,y4Cgwh65qF,package_employee
384,BUJO,RDSre7f9cJ,customer
385,WHLS,Ym0YnptW85,accounting_employee
386,VMTX,4DRXS4WjoC,package_employee
387,YVCU,yYYbIwcbVC,customer
388,NZWE,VpUZKm9zVc,accounting_employee
389,JCJX,EkhIGMlch7,package_employee
390,CQWC,7xSX8lryLG,customer
391,WXIL,1BpiwJL37B,customer
392,UQDB,QSoiPaeAU5,accounting_employee
393,ATSZ,fsgilPQTbe,package_employee
394,WWUW,aEB7r4boBa,customer
395,ODBT,QK7jt6Ztiu,accounting_employee
396,KGEE,7FFtLuuOdu,package_employee
397,NSYJ,RK1H6FWbTa,customer
398,YCBL,UwtRt2hRK9,accounting_employee
399,ENFB,v3597fm8TT,package_employee
400,PTCW,6Ql8FZFud3,customer
401,VQWT,dzAO9kCpei,customer
402,HMSN,FgF7FJoUoT,accounting_employee
403,TFGO,u5bmkNbrRm,package_employee
404,ILVQ,vCiSZ2D6xo,customer
405,CZWH,8Gghd9aS7T,accounting_employee
406,GZIA,z13Ddih4BS,package_employee
407,KOJE,F1doN3bUoz,customer
408,DISA,EAuDdCyexq,accounting_employee
409,QSPM,Ky35CtBRqk,package_employee
410,WYYM,O4mIynJxgT,customer
411,BONM,KKZXXii0mz,customer
412,OSLC,9b3FGfTnZH,accounting_employee
413,ZBCF,oJCGg2szFn,package_employee
414,QXMK,N0KjztZ7pC,customer
415,JIEU,kYh9rPFgAb,accounting_employee
416,NZZX,hMSgnUJDux,package_employee
417,UMSF,9VUtrafeBf,customer
418,CWDU,cfPjPJgKS8,accounting_employee
419,JJKW,2gWDEi6y1l,package_employee
420,FMXJ,5x0Xqq39bl,customer
421,IJUX,fEyKXcbrol,customer
422,GAMY,h38Fc6UGaK,accounting_employee
423,YHDR,DqEXv3Fa4T,package_employee
424,ZFCX,SkNnXyxc5o,customer
425,UUSE,fhdZ5lw3Td,accounting_employee
426,VIGN,KU73sDbvi0,package_employee
427,XQSS,sOxM1Z1KIG,customer
428,AZBK,Yh2eTapXXX,accounting_employee
429,AOKQ,Tyqm3wlNXY,package_employee
430,CSFK,E95IhRdytL,customer
431,SGRQ,lX5a6mDaos,customer
432,ZWDG,fEVc2wNMeK,accounting_employee
433,TSWK,n9WILDCbSz,package_employee
434,DMYQ,wmIjA889Mb,customer
435,JYTQ,mq2awJyso6,accounting_employee
436,SBJD,4Q3aBDJUIx,package_employee
437,JOSB,m5UIprv6IQ,customer
438,GNRO,qYy2aDMzRD,accounting_employee
439,JDEI,v5mjip6lx8,package_employee
440,MMPG,elgXMjyYvD,customer
441,JNJI,6DZsp4tRb5,customer
442,DFIN,suT4yeuJLt,accounting_employee
443,SKKV,7uuVDIl7m8,package_employee
444,XHHK,QwsXYKXGsX,customer
445,SLST,w1NRymgAzC,accounting_employee
446,YTAD,eBSNGHCXG8,package_employee
447,EOSV,eRJHnNvkc2,customer
448,SZGH,oFwgTMCvXl,accounting_employee
449,KNMK,thq0dbgvjv,package_employee
450,KXOB,PZxKVkI7oI,customer
451,GUFF,sFM76l42bt,customer
452,OPZL,KumMW3P2qF,accounting_employee
453,SKHU,pY3TWIlr3G,package_employee
454,EZFZ,ggM3QhQFsU,customer
455,KCUO,JnW309jGZI,accounting_employee
456,DVOI,tssz03EpSN,package_employee
457,RHMW,pVTsr6rZkf,customer
458,FSHD,gLJWnDq21H,accounting_employee
459,OBKS,PMHVzWRRWK,package_employee
460,EWDO,V8yw2yDjXQ,customer
461,DCWO,LAQGhFaHCO,customer
462,QCTP,Lr38rtqDnv,accounting_employee
463,WMDS,NaHgWFrTqL,package_employee
464,CEML,FNLo5DCmsI,customer
465,LWIX,KSP4mxFkJv,accounting_employee
466,GTQH,j3v1xH27jH,package_employee
467,GIIA,JTjVQxufvP,customer
468,WBNF,tGkDoJkJo0,accounting_employee
469,LCKQ,cKOrbZz9Nn,package_employee
470,AYGX,ctkMYjelTr,customer
471,MXCL,xkgZTYGvIl,customer
472,DQIZ,bkeJdgClJx,accounting_employee
473,SLTI,L0QRQiliEq,package_employee
474,CQYC,8RzYXnkX1t,customer
475,KRKF,HVGtDvUiHl,accounting_employee
476,DGJP,SMuCgDGev2,package_employee
477,VMZO,Iklkl3bRmK,customer
478,PWEA,YagpvXmC9a,accounting_employee
479,ZLWN,277Z5HmCqN,package_employee
480,EGZD,p7LizghDbs,customer
481,BEAF,Q664udlKTq,customer
482,FJBN,gJWI7n8PBH,accounting_employee
483,ASYS,uKY7508dE2,package_employee
484,NYPU,n3irOETgUC,customer
485,ITJK,V5xOftrAMO,accounting_employee
486,KOHM,xUxIz5Y1H0,package_employee
487,KLBE,SGDHp0QJ3U,customer
488,YCMK,gZXcYHrwwl,accounting_employee
489,BVYO,W8SZ6Nx5Em,package_employee
490,PXJW,EfwnF2TS5j,customer
491,AJEH,J56GLIpLzm,customer
492,YJAS,wUWzoV15ID,accounting_employee
493,QEQG,caplkQeG0c,package_employee
494,LAWA,SiDIbbSQQz,customer
495,FUKY,S9iTk98w6S,accounting_employee
496,RPBJ,HjkjKb0gvW,package_employee
497,RCOL,CgrUkQAoHu,customer
498,JUKU,cev5K8eSM3,accounting_employee
499,MUTW,OOYWFT68Gr,package_employee
500,ERFA,s1Lwlq7uxZ,customer
501,MXTZ,1A9ix46AxS,customer
502,CYWH,hQ6hwjj0Qq,accounting_employee
503,XIFB,idmTRTWR5J,package_employee
504,QIIT,MaRq6XH02q,customer
505,TBWL,eEzQ7xGbA5,accounting_employee
506,ARZK,Yep05Di1iC,package_employee
507,LFZA,ALcIGygemD,customer
508,TTXU,8N8tPhuPnW,accounting_employee
509,CWBI,dbzzyolfk5,package_employee
510,TEHG,qL6HcMvUMR,customer
511,KBBD,1xkRRADDDu,customer
512,ZULM,jJ14WJAQwl,accounting_employee
513,ASAS,xhWdbJ8Ir3,package_employee
514,MRDW,Z841252wb8,customer
515,MVVR,6pDRVxl35X,accounting_employee
516,JNAF,Qqf4l4dWy2,package_employee
517,PPUG,aCYORISMc8,customer
518,XFTA,IjvdnCHz9j,accounting_employee
519,CKPU,uJFBGYlRL0,package_employee
520,GHPI,JZeElr1QgN,customer
521,ISZN,0nsHKwyysz,customer
522,LQNN,S7SpekAbrI,accounting_employee
523,SNXK,iAgMsOLcbj,package_employee
524,JTES,trLINHhkn0,customer
525,KKFO,z7JNbk9xD0,accounting_employee
526,YPRF,J3NSeIFP6q,package_employee
527,ZRBB,PW7OnX6fVo,customer
528,DSRP,iwrdSwRacT,accounting_employee
529,NGUJ,dAtJbbLjle,package_employee
530,SMME,Ffh7BSJ57V,customer
531,IQBN,LXxL9F5odO,customer
532,BHGA,fv5SjzvUOQ,accounting_employee
533,JULQ,7f5hJcCiFy,package_employee
534,HPQL,rLqhERzprl,customer
535,HPKC,A0mSIShuxR,accounting_employee
536,ELTK,XMe5F51ciN,package_employee
537,WVKD,XIDhlSS7qx,customer
538,RCPS,IaFX5SVuOZ,accounting_employee
539,RTLD,Q0Slp3EmY0,package_employee
540,FIAP,14MxXoyID8,customer
541,QLSE,CWabTPTh9J,customer
542,NRYG,lWJatNGGui,accounting_employee
543,NURQ,nSVi9CPlKj,package_employee
544,BIRU,lBfviOe6DA,customer
545,DLXK,UKtYvkBfrk,accounting_employee
546,QAOZ,GS2BbAX9ef,package_employee
547,UMMW,E94cWc0rQa,customer
548,EUBT,4XhWAhGI8k,accounting_employee
549,SRKH,cM06FnAp8X,package_employee
550,ROPN,2F7TxXiqRs,customer
551,GVDR,UDs6lEYeYL,customer
552,SYYL,BCd1pa7LUo,accounting_employee
553,VFJX,l2DC8iwPi8,package_employee
554,WJPA,op8DaUqYgE,customer
555,GXVE,2I4AD2YRY5,accounting_employee
556,WPXS,KtrQkn3I0i,package_employee
557,WEDG,4ci16vZiY3,customer
558,GRNJ,1YkqCYI6Xz,accounting_employee
559,LXJJ,Oqtc6XmOVF,package_employee
560,OBKI,Pm0p02W7MV,customer
561,MFZP,fsZxLgjSh7,customer
562,UVMR,hTcdPfh35n,accounting_employee
563,RNZL,ZG8yOH3khB,package_employee
564,VLYR,2KrinqMt1p,customer
565,TNNC,MQCWmWOsR1,accounting_employee
566,NHLR,gYFHCSQDky,package_employee
567,FTLQ,yp9ZPfti7T,customer
568,QTUB,kZBiBTHhLV,accounting_employee
569,GRLC,AZFd6Kx1kh,package_employee
570,EKUS,um5Um32rTx,customer
571,BYHC,TqoHefxRPL,customer
572,IEPJ,lwO4fVYv6b,accounting_employee
573,PJPW,4e8sa5PoRo,package_employee
574,DMOI,ZjEAlY9SjX,customer
575,ELGW,3lPe3X4B9I,accounting_employee
576,PCDJ,WQLEEvrYVP,package_employee
577,PSDR,UEkDZF5lFH,customer
578,CIXB,fKrtn049Yw,accounting_employee
579,DNZH,bIhZKgBYwD,package_employee
580,VFLB,1mdzv8MLgg,customer
581,XBCE,9ZKYbNJ2yD,customer
582,WXRS,kzEahaDAIz,accounting_employee
583,RIRU,Kqvf4PiYyZ,package_employee
584,XJIA,piI4m9AU1j,customer
585,WUSV,9a17rZl64E,accounting_employee
586,ZFQK,mtaxtSvARi,package_employee
587,OBSR,xlSbY9cG4J,customer
588,LGVM,1H1GopcYtO,accounting_employee
589,FTPF,Gtx6kHJJJM,package_employee
590,AJJV,jpxRoCXDAe,customer
591,JWQK,dFaLhmjJxj,customer
592,WUYF,0Sq057YdZL,accounting_employee
593,XLPW,NTuQ6C1pTB,package_employee
594,DMIU,SKYjqTgMfy,customer
595,EQUR,WHSdtt0UtW,accounting_employee
596,AILU,3kOcs7y1j2,package_employee
597,EFIU,891RzTCiRo,customer
598,CGGC,DpkzfyUmjb,accounting_employee
599,QLQQ,C30sac7vck,package_employee
600,IIUW,TncIfiSqk7,customer
601,LDWW,EG8bRNPezM,customer
602,YWBW,vpstHEuNsw,accounting_employee
603,DYGC,svYxqkDK1i,package_employee
604,CCXE,GKJRjJUa6e,customer
605,CUUK,XvcePLz6Ba,accounting_employee
606,ENSE,0MXPG8C5Ng,package_employee
607,ADUD,7X8kV1m8ah,customer
608,WHCQ,pvaCswx6SW,accounting_employee
609,QIIG,l3r2D1zw8S,package_employee
610,EUZZ,Ch9dE4mbHT,customer
611,PQNO,RXwLRg3rwB,customer
612,BWKG,PIEWf4fVRN,accounting_employee
613,WJCF,eqcCziu1pF,package_employee
614,ZIMJ,78ATs9TEQG,customer
615,GOJS,AzBjgij4gr,accounting_employee
616,YWTA,G4S6vH6OAB,package_employee
617,XLUV,fZxufO42Du,customer
618,HXAW,YmU4UQgvds,accounting_employee
619,CAVV,7JVjjKOOe6,package_employee
620,UTKV,d8eRMTu20a,customer
621,MMYK,H7MWZk1FnV,customer
622,UGCN,Hyga2TbnlU,accounting_employee
623,IMMH,U8XFOdQRDk,package_employee
624,TGML,6FrdgCEbiZ,customer
625,ICPN,1Eyc2Mk2GW,accounting_employee
626,DWDJ,mD1SozKIDW,package_employee
627,CCOV,NMfA71sDv7,customer
628,MONN,YNhVcacJWb,accounting_employee
629,RGYF,aQ58vtFK9a,package_employee
630,NHDH,T8iTeNf2Mj,customer
631,OXXL,3NnmCIALHE,customer
632,BCRJ,MmcFWyFxWw,accounting_employee
633,KTTF,5TfawRrIie,package_employee
634,SXTM,XLRBvUx4Ie,customer
635,QRSH,djGjlVgdxm,accounting_employee
636,DLZH,XguYU3Jm0l,package_employee
637,LAWK,GLQgIfoQXk,customer
638,UEAZ,pegLQitjqO,accounting_employee
639,NWNI,48cR4hdcvz,package_employee
640,ODFZ,F51f69G3XE,customer
641,OBTS,yMhEyHsXk5,customer
642,QQZU,w5cGfAHv1z,accounting_employee
643,MPVM,34PB7GGHIh,package_employee
644,KQUO,6gtbJyCIeL,customer
645,VOSP,gl7a5cyBeD,accounting_employee
646,EDHR,8YJfow3omw,package_employee
647,TVHT,lqMiUBY6wX,customer
648,LYJK,c2RSkEnkDj,accounting_employee
649,BTAL,NTwOrieX6W,package_employee
650,LJUZ,no8r6Vrfql,customer
651,DRWW,r09NCuiDh0,customer
652,UMSA,fyKe1JZ8a1,accounting_employee
653,GPSL,j8N1PcPosF,package_employee
654,SIZF,oUGQua6bbP,customer
655,KJBI,XnxZaIlSAi,accounting_employee
656,SOXI,ShGgFNUohJ,package_employee
657,GEFM,9nBPqdmKhc,customer
658,PRQO,RqLvwYNHRt,accounting_employee
659,SWJF,RBc40vmPdL,package_employee
660,ADNL,7tfDEXenzx,customer
661,UURY,qtWPDtrNsn,customer
662,FGTD,GAwpnJsFIQ,accounting_employee
663,AWMD,nLFa3gzXVe,package_employee
664,AUFO,9QHr2bTIvJ,customer
665,MSMX,bgIWF7rc9o,accounting_employee
666,YAMZ,hSr4Jgk3G1,package_employee
