ID,price,account_number_fk,package_serial_fk,service_id
"1","49.75","131","B9IWEA","14"
"2","133.35","135","51M6X4","9"
"3","96.27","337","F3X430","7"
"4","32.00","565","27ILUU","13"
"5","14.00","129","K24JUO","9"
"6","113.43","197","KZ6N9H","6"
"7","15.46","181","YWRZ4U","12"
"8","22.00","280","GZXQO2","8"
"9","77.24","432","UPKU4N","10"
"10","81.71","303","I206VY","3"
"11","27.44","232","JDSN4T","3"
"12","82.00","564","STZZU2","6"
"13","93.04","321","VZ8G1C","3"
"14","29.59","290","9LVWVQ","16"
"15","106.65","331","DGPYPC","9"
"16","85.77","11","8UATV7","13"
"17","13.28","392","93D429","10"
"18","14.00","286","XJSZ62","10"
"19","32.00","642","2Y8NOM","16"
"20","31.44","493","2YW8RG","8"
"21","230.73","564","IHQQ6A","6"
"22","163.93","577","PZLPIZ","8"
"23","14.00","316","IK33DA","10"
"24","10.00","636","KVVR8M","4"
"25","76.47","588","CCMAXC","12"
"26","14.00","145","XFORVQ","12"
"27","87.68","582","4TVXB1","9"
"28","35.85","254","53KQBQ","15"
"29","10.00","638","JVAEJT","2"
"30","33.15","353","XRR466","16"
"31","10.00","553","ILGPEZ","4"
"32","61.55","405","YIRP43","12"
"33","15.24","169","NVHEA4","6"
"34","51.04","322","NNXB0I","2"
"35","21.34","428","9TVYD9","9"
"36","51.45","511","NFVHO5","16"
"37","21.81","45","ACYYMV","9"
"38","97.27","288","ABZKA2","9"
"39","41.12","595","KEMQO3","12"
"40","104.56","651","HTIDKS","2"
"41","30.64","228","S3GYS7","4"
"42","42.00","591","V7H44G","1"
"43","41.87","622","A5NTCT","7"
"44","14.00","658","KG5MCY","12"
"45","54.08","398","AX8UDT","9"
"46","15.80","36","PTPG7M","9"
"47","48.97","467","ALHE1R","6"
"48","66.00","261","PGL8CS","2"
"49","34.46","17","M7SSYG","10"
"50","13.53","328","CPD1MG","9"
"51","66.71","406","FGXWN9","4"
"52","256.20","649","DXFU82","6"
"53","26.00","386","50QY5Z","1"
"54","142.40","71","OXL26A","5"
"55","194.39","447","UB0UV2","7"
"56","27.92","520","NFLCHB","1"
"57","8.10","169","6G6BDC","2"
"58","40.67","384","AGR3UC","15"
"59","12.02","185","J7BIF0","4"
"60","51.85","295","80WRXS","7"
"61","45.39","70","MVH9U9","7"
"62","63.38","278","YDSBB6","5"
"63","31.70","345","UJGBUI","15"
"64","200.77","205","KIAOUG","15"
"65","14.00","604","JKPC4B","9"
"66","70.88","423","7NB34Y","1"
"67","14.00","512","3705DT","12"
"68","50.00","633","U0V0YF","12"
"69","42.00","631","QAFZVJ","6"
"70","40.01","223","O2Z4FQ","1"
"71","62.00","636","OMTBLM","5"
"72","142.71","262","2EUYA1","10"
"73","26.12","57","B5PPTQ","16"
"74","96.94","314","VVXRK7","6"
"75","103.27","231","O36DO7","6"
"76","335.97","638","ISZJP2","16"
"77","62.00","337","7CVMH7","13"
"78","7.56","175","8BNDO3","2"
"79","48.80","604","Z2O1N1","5"
"80","62.00","279","QWT9OT","13"
"81","35.09","247","WF3H8W","15"
"82","86.00","620","WJ4VXH","12"
"83","22.00","192","IUJ8WG","5"
"84","9.40","511","WPW1RC","4"
"85","157.75","572","GEKOZP","9"
"86","95.27","360","ZLW7K0","9"
"87","84.56","522","RU1ELL","1"
"88","22.00","584","AQJYZA","6"
"89","31.25","444","3SP20O","16"
"90","52.70","284","INCDXG","14"
"91","179.00","54","52WN64","5"
"92","41.44","180","NQF5CS","12"
"93","381.87","351","NQFWO0","14"
"94","190.20","380","MZALFI","13"
"95","62.00","635","976QCL","7"
"96","73.10","640","UPXV8F","15"
"97","37.97","162","WM8XSP","15"
"98","182.13","27","2FBNPF","5"
"99","34.07","449","6MVZ0A","13"
"100","10.00","132","GW42C4","3"
"101","232.60","266","RIF2HF","13"
"102","37.33","444","DPY713","11"
"103","82.62","171","F149CU","11"
"104","135.40","251","RF7RR1","6"
"105","65.56","297","MFC8ZQ","1"
"106","23.83","133","B8G1V7","8"
"107","57.42","334","AR7YHX","1"
"108","169.00","44","AMT4OC","8"
"109","19.20","294","IMU6WT","8"
"110","71.57","244","SGMBVM","1"
"111","119.02","431","FW4E37","12"
"112","25.44","352","UEEDQ9","5"
"113","357.88","101","64EWS7","15"
"114","12.66","352","JO9M2Y","3"
"115","169.97","137","Q6WC17","14"
"116","32.00","85","RVMOE7","14"
"117","19.68","361","EQOWMB","6"
"118","98.37","551","FGDQQ5","3"
"119","14.00","576","HWG4EN","11"
"120","30.12","144","65MC28","5"
"121","14.00","59","HCD5W4","10"
"122","10.00","260","OHBBP7","4"
"123","92.00","558","RZL3GZ","15"
"124","62.00","121","4IYB5L","6"
"125","36.00","618","MFF8KJ","3"
"126","61.16","26","9YCA35","11"
"127","20.48","93","8840R1","1"
"128","12.81","509","RFCML9","7"
"129","24.73","181","8JPLVR","7"
"130","52.87","422","A6DDUS","16"
"131","13.32","75","E6CBLD","11"
"132","82.00","456","HBPCLQ","5"
"133","59.58","170","BDA6LO","7"
"134","152.38","508","CG5S87","6"
"135","32.00","536","ENBPWC","15"
"136","16.32","160","8FFYSK","2"
"137","25.63","424","6CR356","9"
"138","15.18","95","GJO5UT","2"
"139","32.00","480","8T02UI","15"
"140","32.00","128","HEHT28","13"
"141","97.73","357","3QO4NV","5"
"142","11.20","174","7DQKNO","1"
"143","62.00","284","70AU0L","14"
"144","33.92","194","QGB3BO","4"
"145","18.74","398","70AIMB","4"
"146","49.10","54","HFH5EL","15"
"147","46.21","208","CIHUG8","10"
"148","9.05","213","EB3VFF","1"
"149","32.00","188","3E4XBK","16"
"150","34.88","239","WDJNOU","11"
"151","42.27","490","49F0QM","1"
"152","234.33","460","BO1ZEY","7"
"153","13.12","582","31HYBO","3"
"154","40.67","599","3IS5NJ","15"
"155","9.11","203","ZDPW66","1"
"156","13.68","537","W1FCMB","4"
"157","42.00","564","L5H41X","3"
"158","36.13","526","6U5AUU","7"
"159","89.17","492","YV1611","15"
"160","92.00","623","FCJ81O","15"
"161","25.60","573","RYLW1Z","7"
"162","10.00","257","9VL59S","3"
"163","54.08","312","EU90ZS","2"
"164","78.53","125","JH5WIZ","1"
"165","14.00","476","GWY93K","12"
"166","68.05","645","1CK0QL","1"
"167","139.71","418","GAOJDD","7"
"168","21.68","243","GGEX17","6"
"169","30.68","499","FGZMLC","13"
"170","10.00","602","1PL42X","2"
"171","38.60","38","785N2I","13"
"172","10.00","537","OPIORV","3"
"173","10.00","111","HSQ0QE","4"
"174","12.27","14","YZQOV7","2"
"175","63.25","323","ZZU1XH","3"
"176","30.00","476","FC16S9","7"
"177","198.87","525","VHVRHG","14"
"178","22.66","39","YNHHXB","9"
"179","207.07","557","GGX7QY","14"
"180","25.64","87","V4OSNQ","2"
"181","20.38","459","I3R37S","8"
"182","42.00","652","9N4Z2O","6"
"183","74.27","624","SEG7R3","13"
"184","120.51","26","2AGUZY","12"
"185","18.00","558","U43ISM","1"
"186","116.37","505","FYU9TZ","13"
"187","26.00","111","2OT4KG","9"
"188","14.12","304","MSGW5G","10"
"189","52.10","324","PU8MT7","15"
"190","79.10","517","QD3ZES","16"
"191","82.09","302","MEWPGX","9"
"192","29.84","498","L2E6X8","3"
"193","19.40","189","WBMMCK","10"
"194","46.47","399","CBIAQB","15"
"195","24.20","458","PRZTFZ","8"
"196","78.73","497","ERDO8T","2"
"197","32.00","286","6772IJ","13"
"198","33.50","642","ZF970S","16"
"199","42.00","248","NCD797","7"
"200","13.60","657","NKYPCW","2"
"201","339.07","571","RGVLBG","15"
"202","12.73","236","05HM2D","9"
"203","222.74","359","THSX7T","14"
"204","45.80","600","F5HWPE","8"
"205","146.07","447","MIYFE7","11"
"206","18.00","472","HXQSDZ","1"
"207","91.01","666","XVJ1BR","1"
"208","94.28","33","Q3IHKO","11"
"209","14.00","577","OOP3NX","10"
"210","77.00","656","S7SN2O","9"
"211","74.15","6","OFKHSX","3"
"212","68.98","185","70XBEN","8"
"213","166.04","132","92QTHV","15"
"214","10.24","601","AEZZQ7","3"
"215","141.51","60","MH50T7","9"
"216","78.40","31","8F4X6D","6"
"217","18.32","418","R9NOC5","7"
"218","53.79","106","85JY56","7"
"219","10.00","403","TT1YX5","4"
"220","75.40","93","49OUBO","7"
"221","42.87","619","G8VB44","14"
"222","12.57","339","WET6IC","12"
"223","36.16","563","JZC83G","1"
"224","10.00","66","9CTNS3","3"
"225","244.95","112","QSUU8Z","14"
"226","22.00","162","RA8JAL","7"
"227","223.07","283","4ZV4RQ","14"
"228","13.69","259","8XP3OE","11"
"229","44.79","125","W3WHJT","13"
"230","57.84","136","HZ63IA","4"
"231","9.26","236","VBGIZX","4"
"232","82.24","289","PDOF0S","3"
"233","71.00","661","62DH0A","5"
"234","14.00","31","8WM211","9"
"235","65.72","354","CF8AJN","11"
"236","160.72","373","LUI8PK","6"
"237","39.21","25","PIOE9H","6"
"238","146.39","465","U5AR35","14"
"239","14.00","226","E4MHDJ","11"
"240","26.80","360","PUV564","5"
"241","71.46","288","UY6GZF","1"
"242","110.44","129","VCVTB9","13"
"243","21.72","181","1O7ZLH","10"
"244","45.20","277","L22FBP","15"
"245","83.04","592","D3L6FG","3"
"246","25.76","132","GPXYY4","13"
"247","251.80","529","DGZUMJ","8"
"248","63.04","609","PNFW78","1"
"249","79.31","182","WLJUVF","12"
"250","52.53","338","H14TIO","3"
"251","8.62","110","BWW29E","3"
"252","25.80","619","LZFOTL","8"
"253","306.47","568","B0S9C9","14"
"254","8.81","311","VCAAUZ","2"
"255","22.64","650","FBUN1T","4"
"256","51.04","28","CMXYMQ","3"
"257","15.44","566","AF09R7","11"
"258","43.35","469","54MK1O","14"
"259","10.40","251","SCRFOS","4"
"260","39.36","348","9VBDFR","3"
"261","32.00","655","BB9VXY","16"
"262","74.27","410","SZZXRZ","12"
"263","135.00","336","KU9FKY","8"
"264","117.07","611","NW1OVP","15"
"265","27.98","68","4H3EXU","5"
"266","14.32","456","6JNDHD","2"
"267","14.19","426","90S7NN","3"
"268","16.39","152","HKIPC1","5"
"269","87.84","535","5NQDVU","3"
"270","14.00","563","LYBJ9V","9"
"271","19.70","14","7JLW2U","5"
"272","115.95","651","XIVDHC","11"
"273","26.00","312","453S8V","10"
"274","69.16","365","SN7KGA","6"
"275","32.00","230","QZ2IOA","13"
"276","70.17","538","IW51O1","13"
"277","14.00","292","Z3O8B7","11"
"278","18.00","33","MWP85X","3"
"279","14.00","244","X2YX4B","9"
"280","41.56","101","S8JTUX","5"
"281","109.47","26","W6O146","14"
"282","42.38","247","67Z6L7","13"
"283","190.97","300","4OPW28","15"
"284","106.48","565","ERVA5Q","1"
"285","18.00","590","IRQYQW","1"
"286","32.36","44","LO54RX","10"
"287","25.06","97","7BDQ08","3"
"288","47.25","575","L95UXS","4"
"289","40.70","654","T70QJ1","15"
"290","95.44","647","TNKWFC","1"
"291","80.03","148","UJCCHB","10"
"292","301.47","90","OYCML6","14"
"293","10.00","457","LI8R5U","1"
"294","35.30","392","K7SR6P","2"
"295","14.00","84","0KW3QI","9"
"296","45.92","501","0BUNS4","14"
"297","13.54","298","9QM6GJ","9"
"298","31.55","513","OMRPLN","14"
"299","82.75","410","3VXCUW","10"
"300","94.88","147","B0XFEH","2"
"301","41.18","467","P7LCKO","9"
"302","10.28","178","1VTKX7","1"
"303","62.00","436","7CNJWI","13"
"304","39.32","222","U6IFPW","9"
"305","13.54","494","HY0XL8","11"
"306","26.00","581","JV83WB","10"
"307","271.77","534","65B2E0","16"
"308","39.48","263","I4LA00","7"
"309","28.71","24","ZLY681","6"
"310","13.47","424","C82AC5","11"
"311","31.44","151","S0FMMB","15"
"312","22.88","394","I7XFH8","2"
"313","61.14","328","3M1BFT","5"
"314","68.00","291","VMHAN8","3"
"315","50.00","129","T5J2NN","10"
"316","45.80","210","PMSE5M","8"
"317","17.50","80","SMWFHF","8"
"318","39.99","494","72P28O","6"
"319","62.00","529","3L484M","15"
"320","51.65","45","DWTUUX","3"
"321","22.00","229","1MV445","5"
"322","55.81","302","I7SU6T","5"
"323","27.51","486","AVAZDW","5"
"324","80.29","275","97ACTG","5"
"325","33.43","420","UC72SC","8"
"326","27.85","389","WLTU3M","15"
"327","8.95","329","H461WV","2"
"328","71.09","168","F3UDGD","2"
"329","101.47","421","MNGDPS","6"
"330","10.00","154","W8SZO7","3"
"331","156.15","492","YU23LP","9"
"332","123.02","334","S3ZOV1","5"
"333","40.07","341","KFW22L","13"
"334","109.51","245","L9U3OA","12"
"335","64.57","358","UNCSVX","14"
"336","10.00","90","N4NALO","2"
"337","55.20","445","32OFBT","4"
"338","139.95","222","FZEKBX","9"
"339","70.13","3","VPJFZU","1"
"340","71.52","273","SVZDG8","3"
"341","23.10","504","Y3H27Y","12"
"342","72.92","642","I1M919","11"
"343","22.00","322","R62GDF","5"
"344","69.04","471","LUXEXL","3"
"345","206.75","455","H5Z95B","7"
"346","252.17","645","LKUKRA","13"
"347","75.87","403","HJ63QF","15"
"348","72.46","375","GCM84C","7"
"349","22.00","26","19IPL0","8"
"350","67.07","659","2RD0P0","1"
"351","94.17","553","G4QZ55","16"
"352","21.21","281","GH9JON","6"
"353","34.40","568","7WWL9T","15"
"354","11.28","362","XLGPEB","4"
"355","66.70","310","1YY5YL","11"
"356","63.40","19","16AZAK","6"
"357","226.33","666","86EI71","8"
"358","245.47","660","16DLVX","15"
"359","40.10","376","KCZH95","13"
"360","74.53","431","TRA1R6","6"
"361","45.20","535","EU25SW","16"
"362","93.33","180","S7WVYL","1"
"363","183.86","388","47RP65","8"
"364","158.07","548","HAZESN","14"
"365","26.00","341","3SKJH5","12"
"366","25.64","87","4K0IPE","2"
"367","224.52","380","NEG7XA","16"
"368","83.36","26","6UUTKW","2"
"369","14.00","67","4IC7H2","12"
"370","112.67","176","7Q566M","14"
"371","74.78","509","5W7AXV","5"
"372","34.00","482","A8ZHWN","5"
"373","90.80","590","0NVGKC","8"
"374","66.80","151","XE0WAA","6"
"375","10.00","333","GIA9VI","3"
"376","26.00","60","IRBS53","10"
"377","63.80","152","OWE92K","15"
"378","35.30","450","437VD9","14"
"379","31.52","117","B60T3D","10"
"380","355.47","652","UVZY8G","14"
"381","94.27","10","0FC43M","13"
"382","70.82","45","A7CFQQ","11"
"383","27.20","608","MJXBFJ","5"
"384","10.00","253","T7EY2V","1"
"385","204.49","190","H4O2FE","6"
"386","209.78","418","AB1AKN","8"
"387","70.71","298","AWCEL6","11"
"388","53.90","8","1RLGG5","14"
"389","54.70","468","AP7829","14"
"390","74.36","620","BAXJJB","11"
"391","114.11","1","XNROFH","9"
"392","47.20","640","Q85QZ8","4"
"393","12.81","418","VXY7VJ","10"
"394","14.00","547","04CU96","9"
"395","221.80","107","159273","7"
"396","68.00","168","V8VDI7","12"
"397","38.52","151","ECNVVX","9"
"398","214.07","518","8S7RBM","6"
"399","67.76","540","CL3GA2","9"
"400","72.40","98","ZQK24S","6"
"401","10.00","607","SRQGCZ","1"
"402","32.00","586","D6E5SZ","16"
"403","51.55","186","BAFASP","8"
"404","52.40","59","WD7A2E","5"
"405","61.87","336","WSJ0G2","14"
"406","26.00","655","LS92LZ","11"
"407","70.61","504","QTM846","15"
"408","174.71","7","XEQ6Y2","7"
"409","44.24","577","MA8OQD","12"
"410","12.81","253","EUNMA9","9"
"411","83.68","389","GX5SFG","13"
"412","184.80","567","8I63TP","7"
"413","32.00","594","XPFZYI","16"
"414","60.80","23","PO4ITZ","8"
"415","40.67","658","0KAA3Y","14"
"416","29.35","473","TKGM1S","15"
"417","75.58","439","C68GI5","15"
"418","13.12","103","7TDXY6","4"
"419","51.46","477","8U6KVN","8"
"420","26.64","14","Z45K3O","3"
"421","27.92","74","1RCR1I","12"
"422","122.35","99","0FSBOD","12"
"423","274.41","39","0YANM8","13"
"424","46.38","116","E3XWXT","2"
"425","13.81","181","2XU7ZZ","12"
"426","66.80","322","RA13YG","7"
"427","105.71","189","JW9AWW","2"
"428","22.16","193","2W06RU","11"
"429","245.13","466","VV3QPL","7"
"430","79.79","496","BKJW7N","2"
"431","33.01","16","RBV417","11"
"432","208.87","599","8TISQW","6"
"433","246.57","551","0H19XU","15"
"434","48.08","129","0I16D1","11"
"435","25.16","180","Q7MNJN","14"
"436","14.00","107","FH4DRA","12"
"437","22.20","5","C11460","8"
"438","29.00","168","C0UGNP","10"
"439","17.84","19","Q56VZB","9"
"440","235.12","145","EWEQAR","7"
"441","260.87","561","P8UQ1K","15"
"442","12.54","468","Q5BSEP","12"
"443","22.00","319","QNCQ8Z","5"
"444","263.45","355","HDCC9F","14"
"445","17.68","169","A15Z1V","4"
"446","43.75","596","UO1DAT","10"
"447","70.67","296","1KL83E","13"
"448","34.00","74","KM80FF","4"
"449","53.94","165","F1R2MU","13"
"450","54.27","651","E8GF1T","15"
"451","68.27","85","BM8X41","14"
"452","19.88","650","O7OXBH","11"
"453","43.20","456","KT9LHQ","7"
"454","10.00","539","M0M78T","4"
"455","41.96","392","R7S0DD","2"
"456","14.00","241","NHN74P","10"
"457","92.24","528","7ZEIPC","10"
"458","150.03","478","OY3USQ","12"
"459","63.85","297","YWF7KJ","7"
"460","65.37","90","F4MD3G","15"
"461","10.00","662","22O9TS","3"
"462","14.00","551","KR032L","11"
"463","298.91","310","9HKGUY","15"
"464","82.00","615","GKL7QY","8"
"465","38.92","145","0F7IR4","13"
"466","169.87","454","CVJ429","8"
"467","63.80","195","FARB9Y","13"
"468","93.98","139","OJDX2R","6"
"469","21.28","255","NH2ZO0","3"
"470","188.87","205","TI1JLF","8"
"471","19.60","462","4RC4M6","6"
"472","173.79","386","H89AM3","16"
"473","51.50","164","FAMSRN","16"
"474","63.89","437","Q100Z1","2"
"475","94.03","62","JR2KCV","11"
"476","66.47","530","PQQGXF","5"
"477","43.07","539","D9MR85","15"
"478","73.88","114","H2P5M3","9"
"479","156.63","1","GA583O","11"
"480","35.28","326","3R2KY8","8"
"481","41.57","313","LEBRZU","16"
"482","25.72","237","HB6API","2"
"483","62.00","41","R2WML4","8"
"484","62.39","522","B0ZVL9","10"
"485","76.11","372","W6U68Z","3"
"486","65.90","245","IPUFHR","5"
"487","60.29","48","7303W4","2"
"488","38.00","113","MTZBP9","11"
"489","67.57","38","0MGLG1","15"
"490","24.74","81","RHTJD0","3"
"491","28.48","527","9SMK2A","14"
"492","17.28","255","RYX40Z","5"
"493","40.40","82","POKVAR","10"
"494","86.59","72","MBO9CK","2"
"495","10.00","387","EYY6NH","1"
"496","188.54","238","AEK1P5","5"
"497","65.27","296","F2ATPU","15"
"498","177.80","617","47365C","5"
"499","85.63","641","M56ZYE","10"
"500","34.88","286","98MNK9","2"
"501","13.55","175","J1Q54K","11"
"502","53.47","173","W39CWA","1"
"503","12.71","80","TGGV1F","10"
"504","90.32","603","338LVG","2"
"505","14.00","85","R219O6","9"
"506","37.67","393","SHJBR9","15"
"507","74.30","489","6YUZEJ","15"
"508","28.95","394","SNBP2C","16"
"509","18.17","133","W7VOIK","5"
"510","9.41","299","GL5O0L","2"
"511","37.07","152","D4CYI7","13"
"512","28.14","330","B2ELQ7","15"
"513","23.00","106","K8KADL","16"
"514","106.37","305","ZZ4MKV","15"
"515","28.48","527","PFGM2T","14"
"516","18.72","646","B07JHN","2"
"517","91.80","644","8BRIU0","8"
"518","22.32","92","0C57I8","13"
"519","18.15","459","T9NYLV","6"
"520","14.00","176","GD306W","12"
"521","51.07","540","0XZRJS","6"
"522","217.00","370","EKNIQI","8"
"523","93.50","49","BU4E4I","15"
"524","10.00","293","6BX6DW","2"
"525","61.04","525","DIM5A1","1"
"526","104.47","565","TW88I4","5"
"527","32.00","305","6PKSIX","13"
"528","96.87","638","1P80YJ","12"
"529","22.00","660","H5HKWE","7"
"530","49.00","27","4BDIYT","6"
"531","48.79","175","386CA0","14"
"532","90.93","17","FMCDYR","5"
"533","38.18","426","I47SLN","16"
"534","103.84","174","NZ2A36","1"
"535","55.64","400","HREML2","2"
"536","46.07","546","DZLH0G","6"
"537","40.27","222","MI7O3I","13"
"538","14.00","54","7F55PG","11"
"539","302.06","389","OFVJYN","16"
"540","119.15","263","POX5CY","12"
"541","25.15","518","74C8GY","13"
"542","41.51","554","M1CVDU","12"
"543","60.05","218","IR81YV","4"
"544","274.86","210","DLMOK8","15"
"545","18.20","379","0UDWL2","10"
"546","53.33","183","G3SINB","5"
"547","14.00","333","7RZIB2","11"
"548","32.00","291","03RVR3","13"
"549","77.87","256","SA2XN5","4"
"550","29.68","317","UB3471","1"
"551","105.23","658","GT8EMF","11"
"552","14.00","538","9X1VBU","10"
"553","10.00","205","DP2MNV","1"
"554","10.00","147","C51WC1","2"
"555","74.47","288","WN9F4I","3"
"556","14.00","581","A727WS","12"
"557","61.20","217","PHWGJP","2"
"558","186.29","386","APIJ4T","15"
"559","32.64","9","UOHAXT","3"
"560","37.57","421","3UXB5R","13"
"561","73.72","428","3V73NF","12"
"562","83.60","572","SW9524","13"
"563","92.00","579","IYGATP","15"
"564","10.00","372","PIECEL","1"
"565","14.00","458","TOS7Q3","12"
"566","17.22","339","7JX73G","12"
"567","89.96","237","3XQHXL","5"
"568","68.20","485","2JI149","6"
"569","66.13","455","IFE1I6","16"
"570","38.00","552","H5Q6OB","8"
"571","144.39","16","MIJ3GA","5"
"572","18.00","642","Q7WS4S","4"
"573","21.05","420","VIR2CI","4"
"574","123.66","174","H8OQAD","8"
"575","20.80","109","DHNLS8","10"
"576","62.00","41","VY27EW","16"
"577","38.00","107","4I8FCR","9"
"578","14.12","431","PCLUNA","11"
"579","42.32","396","GB57NE","9"
"580","40.63","649","RAEP3X","11"
"581","116.59","262","NZF8C7","9"
"582","82.77","631","R0QWV1","15"
"583","14.00","508","6H4MY3","12"
"584","138.57","130","FPZQSW","5"
"585","75.67","27","KSH2EP","5"
"586","34.00","498","QFGD79","3"
"587","24.85","175","ZPDFE9","3"
"588","103.40","230","M73PQA","5"
"589","90.50","357","UNGINY","13"
"590","40.33","143","DQ1QQT","15"
"591","42.00","195","HIK0TU","3"
"592","11.36","450","NJWM7H","1"
"593","101.85","494","6ULP4B","5"
"594","77.47","243","D84KF6","12"
"595","34.00","176","G4LDB8","4"
"596","47.76","326","9E43FJ","14"
"597","48.19","201","686KOV","13"
"598","134.40","251","9X9EBB","5"
"599","12.64","194","YXBF15","1"
"600","83.07","178","1BG33T","6"
"601","20.57","525","07YYJN","6"
"602","58.00","253","7Q4M62","6"
"603","49.10","425","LWO40P","15"
"604","57.60","255","43BARP","2"
"605","48.63","249","Y96WZQ","10"
"606","28.80","52","SZIVCW","13"
"607","20.00","387","B912CO","7"
"608","152.87","379","MCLYU5","11"
"609","34.03","618","ZW7M2G","12"
"610","34.00","585","J2P9BL","3"
"611","55.27","520","6YYTBA","15"
"612","29.60","161","05BCND","14"
"613","12.56","407","JLU1IJ","3"
"614","10.00","559","1GVVZ7","1"
"615","23.76","65","AYW6TN","15"
"616","55.60","222","1SSJMF","6"
"617","38.13","23","FTXMPH","7"
"618","101.01","537","MSUUIL","4"
"619","34.33","500","B15BL7","13"
"620","46.17","179","OASN5L","11"
"621","16.80","418","Q114AS","1"
"622","62.87","381","GQJRAC","15"
"623","35.91","257","NCCLO2","7"
"624","14.00","436","TOAEMW","9"
"625","13.56","448","UKXGQD","11"
"626","251.20","189","K96X3T","13"
"627","100.83","154","59KGFQ","5"
"628","235.27","222","TYOK8N","5"
"629","338.47","172","7TGN23","14"
"630","34.98","330","25AWDN","7"
"631","174.17","199","L210UC","14"
"632","220.00","583","WK33JX","8"
"633","163.46","371","HSU5JA","14"
"634","28.64","173","0CR5EY","4"
"635","126.85","471","292NSS","14"
"636","14.00","373","CW1T9U","9"
"637","9.80","301","N7UKNT","1"
"638","18.48","654","JCA0IX","2"
"639","160.93","619","X1WTGD","5"
"640","78.79","194","L72DNG","9"
"641","153.60","114","GDQTHL","5"
"642","37.27","26","XF3WEM","7"
"643","58.00","189","ATVKNC","5"
"644","371.07","530","TDWOP7","15"
"645","61.85","285","WYW6QM","1"
"646","10.00","644","MEHTHN","4"
"647","169.80","654","FNRVGC","6"
"648","229.54","445","20MYKU","16"
"649","22.00","658","83BX4L","5"
"650","32.00","454","TTDCW6","16"
"651","18.56","19","ZZGD9Q","9"
"652","29.55","466","WNLPHX","16"
"653","22.00","207","RBL1LS","6"
"654","339.56","416","7AN5Q9","16"
"655","46.79","179","QG1NSM","3"
"656","43.49","575","2O01KX","1"
"657","15.52","39","FNCATV","11"
"658","95.82","329","I1KJ77","13"
"659","42.00","465","FFVAGG","6"
"660","38.80","107","PAYJ0M","7"
"661","15.56","650","286R83","12"
"662","21.20","263","HV8EWE","10"
"663","36.30","289","9RZWUB","6"
"664","182.97","510","2CXYLX","15"
"665","229.47","59","P152BU","7"
"666","104.57","555","343TDY","13"
"667","268.37","252","5TUZ7K","13"
"668","10.00","402","4I73BW","1"
"669","26.00","79","7DSFEW","9"
"670","34.65","51","QGGSUA","13"
"671","10.00","3","LYHM4Y","3"
"672","10.00","452","NB5PL1","4"
"673","79.65","442","SGEF7N","3"
"674","48.77","199","FYPV8U","14"
"675","50.17","215","6AT4HZ","14"
"676","26.00","458","HGCT47","9"
"677","23.09","245","L08KEW","7"
"678","84.20","483","HQ0W19","15"
"679","59.09","57","D6PBZK","5"
"680","10.00","274","EPX0ZO","2"
"681","26.76","242","LGWBEB","3"
"682","94.47","346","V50HSH","10"
"683","27.36","231","QV57LU","4"
"684","317.87","628","ETW1SJ","15"
"685","10.00","27","EW3LE0","4"
"686","41.60","458","NR2A68","5"
"687","65.72","441","BO4V2H","2"
"688","67.17","508","BCRES3","15"
"689","35.79","223","1KBSKT","11"
"690","14.00","643","2JE5QF","12"
"691","78.43","223","RKFZFX","1"
"692","38.91","410","3POQMF","12"
"693","122.43","462","WKB20G","9"
"694","83.63","622","FYDOF6","3"
"695","16.82","79","9T6KKJ","4"
"696","39.27","5","01SVU2","9"
"697","58.44","139","M48UFC","2"
"698","48.92","232","X11B9Z","5"
"699","189.36","326","ZC8N33","13"
"700","92.68","288","4I0S0A","6"
"701","40.47","276","NZH4FN","14"
"702","41.02","80","12QBXR","7"
"703","73.20","498","RAGPBL","6"
"704","122.07","41","2040QP","9"
"705","77.60","478","T9VWV5","16"
"706","18.00","545","1PSPO8","2"
"707","58.32","321","0XBLD0","4"
"708","79.11","136","WZDDN7","12"
"709","303.47","592","OR9LJR","16"
"710","10.00","44","3X21HY","4"
"711","139.87","487","KFMBH5","15"
"712","29.77","395","1PUMGX","16"
"713","208.47","454","0TQ08E","13"
"714","62.00","51","53GRSO","9"
"715","12.61","13","29I83O","12"
"716","159.11","290","TQYXGW","12"
"717","24.80","204","20WE28","9"
"718","29.60","229","CB7GBA","5"
"719","136.22","438","HU23CE","6"
"720","13.82","101","E8VC2Z","10"
"721","50.17","357","S72Q6X","13"
"722","10.00","433","LZLMGN","3"
"723","49.59","455","919D36","8"
"724","95.89","379","6QC72H","8"
"725","67.50","210","X1VV12","10"
"726","34.17","279","TWZEPR","16"
"727","74.00","285","XYEKX5","12"
"728","82.00","390","ZD749W","8"
"729","10.00","69","LSNUIW","4"
"730","96.40","251","S9Q93E","2"
"731","262.99","493","UBGBDP","13"
"732","98.60","194","7JEF95","14"
"733","18.32","275","SIK4CR","10"
"734","50.01","342","AFGH0V","14"
"735","16.52","505","PI7OR4","10"
"736","12.08","98","QBDU27","4"
"737","362.67","26","WF61RL","14"
"738","32.00","166","46Z4JT","14"
"739","59.31","213","5FWM2B","1"
"740","32.00","252","EMEI9K","13"
"741","31.60","612","VBKCNR","7"
"742","40.40","225","HZ3YKC","10"
"743","18.32","378","11BOCD","7"
"744","211.26","420","AJGJXT","13"
"745","78.08","158","6XHWMM","9"
"746","10.00","316","PZCZE4","1"
"747","14.00","218","KXH5B2","9"
"748","20.92","24","0ELQGX","9"
"749","113.53","624","WW2N8I","6"
"750","62.00","587","E3IH8W","13"
"751","22.00","407","FKN6VA","5"
"752","36.92","386","KLKAXP","12"
"753","10.00","564","QGE9CT","4"
"754","17.96","601","D69N94","12"
"755","74.00","201","3FYYFG","12"
"756","22.00","194","K8160A","6"
"757","16.70","128","GT4QRI","8"
"758","56.57","296","EDZMA8","13"
"759","47.73","219","6GEEON","16"
"760","17.98","124","3SZQZ8","3"
"761","60.40","512","JA8KA1","1"
"762","274.33","257","H1Q9ZB","15"
"763","28.92","372","CP6VQ2","16"
"764","11.60","256","4067JJ","4"
"765","97.76","522","TVSSA3","2"
"766","32.00","482","EJZTEW","15"
"767","10.00","431","6SZ8MQ","1"
"768","86.00","472","AOWBRU","9"
"769","68.32","465","6TQPMX","2"
"770","32.24","436","T3S5GG","9"
"771","13.30","45","FG9OE3","12"
"772","22.00","554","AE3342","8"
"773","71.23","492","TSFSPO","12"
"774","50.67","105","WSS8LA","3"
"775","22.91","503","IVBBVK","2"
"776","86.24","94","7AXPIR","13"
"777","13.86","389","0UI2TF","11"
"778","14.00","357","Q9UF0I","12"
"779","88.21","350","P0XCW1","1"
"780","30.16","313","O14A2S","3"
"781","65.55","253","7H40FH","2"
"782","223.77","334","DY9OAZ","15"
"783","68.80","26","LBB6RJ","6"
"784","10.56","7","DIR9W6","4"
"785","25.39","45","ITY9QM","12"
"786","67.67","605","U1FIDG","5"
"787","32.00","619","TAF5EZ","16"
"788","14.00","596","N74FSS","12"
"789","14.00","351","5JFU7T","10"
"790","58.88","317","XCEX9P","3"
"791","70.67","199","L15GMT","16"
"792","32.00","550","Z9C7NR","13"
"793","38.00","578","S37KI1","10"
"794","32.00","319","YTNGPK","14"
"795","76.20","454","P52P92","6"
"796","44.57","421","0RCN0X","15"
"797","7.59","343","JWCTSF","2"
"798","178.47","659","SHDYIM","6"
"799","152.00","530","ZH9MSO","7"
"800","42.64","627","T3FECA","3"
"801","38.00","567","L7BJ7G","10"
"802","45.36","552","07L78A","2"
"803","210.17","251","PF6AGR","14"
"804","204.87","285","UVPB6F","15"
"805","72.87","163","NALERY","11"
"806","8.62","110","ZE1RMQ","4"
"807","10.00","29","51TOZK","2"
"808","151.43","190","0NCIGY","14"
"809","32.00","551","IHDSRB","15"
"810","41.57","83","CBALSQ","13"
"811","92.00","621","YSBRLX","15"
"812","50.80","587","YJNGE0","4"
"813","38.47","47","YOPFT8","9"
"814","21.16","61","9UWAMY","7"
"815","156.85","139","DQTAWZ","13"
"816","61.65","47","7TRNUU","4"
"817","69.67","487","19M1XF","8"
"818","75.61","16","5V7O0T","8"
"819","56.95","57","60ESA0","16"
"820","37.02","86","P77CTL","9"
"821","21.20","116","BERPP1","4"
"822","84.89","89","BN0UB6","5"
"823","22.41","179","PBYQEY","6"
"824","32.00","457","MMQECF","13"
"825","41.66","338","0VK14Y","3"
"826","95.60","324","6SEOF4","15"
"827","10.00","224","CJXLTB","3"
"828","18.08","329","4TL5KA","11"
"829","12.62","518","VF0AKR","12"
"830","82.00","309","43LYN6","5"
"831","43.88","275","0J3UB6","10"
"832","22.00","210","C57Z7S","7"
"833","14.00","531","K2F03V","12"
"834","22.00","635","6FSTSB","6"
"835","39.01","590","LUIB3I","2"
"836","38.00","29","94XV0W","9"
"837","81.40","665","CFV8SF","5"
"838","341.88","6","E7PUKF","15"
"839","136.56","326","R5M7PN","5"
"840","24.08","264","ZTNFVC","11"
"841","31.63","13","Q940WO","8"
"842","10.00","302","DCKTEX","2"
"843","85.68","208","1AGWIA","11"
"844","15.31","116","J98YXX","1"
"845","19.64","429","DUY9HT","4"
"846","14.00","523","V70H3E","10"
"847","16.47","375","UE7B2L","3"
"848","54.28","503","G98R6H","5"
"849","394.37","168","UKNGV4","16"
"850","84.37","656","UAAP1M","16"
"851","229.44","366","G08VOP","15"
"852","31.62","159","6LD3P5","13"
"853","22.00","465","ARVGV0","8"
"854","47.71","217","0ACJ5L","6"
"855","19.52","69","Q2XYEI","5"
"856","237.85","513","DNZ618","16"
"857","35.32","375","UYCRIZ","13"
"858","18.00","322","HIAGNS","4"
"859","9.05","155","7GXV9G","1"
"860","90.08","44","8W9NAF","1"
"861","24.70","89","2U5F1I","9"
"862","60.32","145","3LPAYD","11"
"863","29.24","443","ELGHYX","15"
"864","17.25","38","FHUIKM","7"
"865","10.00","96","AJW609","3"
"866","49.70","357","0FW1VL","14"
"867","63.04","188","2KSM3F","1"
"868","78.69","531","B37PKL","1"
"869","145.99","529","X5GTHE","12"
"870","207.87","171","67INDD","8"
"871","18.40","57","OTTUZ3","6"
"872","38.00","4","PDJ8PX","10"
"873","10.00","326","PIQF5B","4"
"874","88.39","321","6UPU90","11"
"875","7.56","269","6DWNBQ","4"
"876","34.00","462","MJ2SZ0","3"
"877","105.17","486","7YQ51J","6"
"878","32.00","124","WM2N9R","14"
"879","61.63","97","WVPI37","4"
"880","44.24","628","HWKCWA","10"
"881","12.81","509","QNS6T3","5"
"882","17.12","320","KWOWNN","4"
"883","11.68","39","4QWFBX","2"
"884","13.68","207","6EAHTJ","9"
"885","57.94","502","M0IS3R","3"
"886","80.36","271","M46MJD","10"
"887","10.00","153","5VXHC7","2"
"888","21.04","638","MLZ4RM","3"
"889","53.36","356","36YDMP","2"
"890","70.40","436","A5WDT9","3"
"891","130.73","364","7TRNJK","13"
"892","14.00","28","YN22K6","11"
"893","151.16","214","9LGBOA","13"
"894","276.17","343","HTCBUW","14"
"895","95.60","182","AQZQF2","6"
"896","96.96","521","6FN8H1","3"
"897","12.62","518","H0U42N","12"
"898","92.23","244","9J4P8M","10"
"899","29.13","281","HF4528","14"
"900","32.58","179","7KNENC","12"
"901","35.00","616","KAUQDS","13"
"902","104.98","253","59OZZW","14"
"903","273.87","555","235743","14"
"904","17.69","117","U1ZKMJ","4"
"905","22.80","87","5CGQRE","2"
"906","83.60","523","AXJSQK","11"
"907","22.00","572","KQYPZB","8"
"908","27.92","9","0DVFQ3","16"
"909","61.92","227","6YSPFT","6"
"910","86.63","37","AWHVN3","11"
"911","83.00","249","VJN7XO","7"
"912","136.87","546","U7N7VU","12"
"913","127.79","470","KCJ2J6","7"
"914","39.50","452","R5NMYB","16"
"915","12.96","402","18XSOH","1"
"916","259.38","13","NYTTJU","15"
"917","14.00","626","7PVPV5","11"
"918","8.29","444","Z1JC5U","4"
"919","165.87","532","DV2KAX","14"
"920","14.00","470","NEWEM1","9"
"921","64.67","335","RBI0EY","9"
"922","217.93","537","SNAJ65","7"
"923","33.20","541","GKYJ9F","13"
"924","128.47","87","G3W9H3","15"
"925","22.00","310","OOHPMY","7"
"926","35.51","418","DO212Q","13"
"927","15.83","223","OOLF40","5"
"928","91.00","420","3440CO","1"
"929","79.61","389","RH1C3V","1"
"930","26.00","618","RGUPLV","12"
"931","95.43","31","5TY03M","3"
"932","10.00","454","7W86MR","4"
"933","19.84","530","REU186","1"
"934","109.47","480","BTY7Q8","5"
"935","18.21","459","ASKNID","1"
"936","35.57","631","LLPIX1","4"
"937","39.80","31","ATJNM4","14"
"938","86.60","358","D5T1W4","7"
"939","62.00","551","ZFJBIX","7"
"940","22.00","635","5DXLQ7","6"
"941","15.92","665","DSN76Z","4"
"942","71.00","368","AO6FJO","5"
"943","218.79","462","UN527I","5"
"944","20.96","520","BTW2UU","6"
"945","62.00","43","Z1NV4N","14"
"946","37.48","429","9TOQOJ","4"
"947","167.59","221","GHX3LK","16"
"948","38.00","625","TDAUF9","11"
"949","47.48","20","OLX32H","9"
"950","26.00","119","PE8S7Z","11"
"951","37.10","55","Q6PGTA","13"
"952","64.80","246","ZTEZCQ","8"
"953","242.07","46","93PFHY","13"
"954","10.00","446","1D8IPM","2"
"955","22.00","220","N8Z850","7"
"956","37.11","620","B46127","9"
"957","35.52","580","07AZD5","2"
"958","78.19","289","PIOT4A","1"
"959","45.39","161","AKQ85A","10"
"960","27.44","69","F5HACM","3"
"961","56.17","137","TGXON9","13"
"962","70.67","265","SIXUUL","15"
"963","108.47","369","OCOSLB","6"
"964","27.68","59","FSL54E","11"
"965","51.17","153","TTXB1Q","15"
"966","33.76","16","B0RZC1","2"
"967","233.60","554","DSYV6K","6"
"968","49.99","457","VEOX0H","12"
"969","32.00","599","8WVHCF","13"
"970","10.00","663","GOXS9W","2"
"971","83.51","311","UQOH7G","14"
"972","61.29","365","ZK0EUP","13"
"973","22.00","74","11FZVD","5"
"974","22.00","253","KV1ZP6","7"
"975","76.60","207","06OVDR","5"
"976","232.37","650","211JRH","13"
"977","247.27","327","XTX02J","5"
"978","260.67","624","QMFJWR","16"
"979","165.39","378","GAVD7P","7"
"980","54.00","584","TTLWBA","7"
"981","18.80","366","Y6C6AH","6"
"982","38.00","243","F7UEXV","11"
"983","33.02","212","OJNN2L","6"
"984","11.84","415","DV2UFT","3"
"985","32.00","571","UGXFRZ","15"
"986","38.71","425","QMRSPV","12"
"987","16.72","318","QCWBWK","6"
"988","18.28","103","PYMFD0","9"
"989","77.80","384","9GWR16","7"
"990","32.00","316","391NW9","13"
"991","7.95","94","DYV8P1","1"
"992","56.96","418","F4PMOF","4"
"993","67.87","297","LQFQ8M","5"
"994","195.81","179","ZEXYQF","7"
"995","189.40","459","F3RGH1","15"
"996","27.60","606","H6GKJS","8"
"997","204.13","414","P382P5","7"
"998","32.00","607","S8XWKF","13"
"999","78.56","41","2A7B78","9"
"1000","86.40","447","VSEDYC","6"
"1001","48.07","351","OID9IW","15"
"1002","74.00","251","LGJO56","12"
"1003","32.00","127","JKO8F7","15"
"1004","95.07","576","9U2KZJ","7"
"1005","30.80","113","OZ6F7I","1"
"1006","95.60","517","OMFU76","15"
"1007","26.00","625","6I0Q2M","11"
"1008","51.27","303","K8SDA3","2"
"1009","12.92","383","4M95LW","1"
"1010","43.49","428","38TODQ","4"
"1011","25.04","263","BIBM60","16"
"1012","22.00","126","N5856F","7"
"1013","14.00","107","COKP20","12"
"1014","29.80","523","519WTW","1"
"1015","40.67","82","8CLKTA","13"
"1016","50.40","482","QH32E9","7"
"1017","25.48","200","ZWLY4H","12"
"1018","31.30","412","4LNP95","16"
"1019","90.83","583","F5NOVO","10"
"1020","18.76","509","3Z436L","5"
"1021","92.00","199","NVL12H","14"
"1022","34.03","527","W4OVUP","13"
"1023","99.88","504","CAHCQW","2"
"1024","55.76","275","9RWMWJ","16"
"1025","95.42","486","8FBLOL","7"
"1026","60.53","151","XHI729","12"
"1027","64.10","640","QS0IC1","16"
"1028","335.97","576","VHK17N","13"
"1029","94.87","13","MQ6KJ8","8"
"1030","36.19","354","685DEV","2"
"1031","161.20","286","8ROSQ4","5"
"1032","50.00","475","3TL450","3"
"1033","43.64","411","Y8ETUA","10"
"1034","15.37","394","BUOFOO","9"
"1035","197.85","55","1GGNR0","8"
"1036","46.75","666","SQQQ3P","4"
"1037","8.77","453","THZV8T","4"
"1038","10.00","324","K02KZC","3"
"1039","9.42","99","PMA98D","1"
"1040","397.07","554","N0KZ4I","15"
"1041","14.00","305","5QZXJH","10"
"1042","88.27","532","HE29HM","15"
"1043","289.41","60","MADORI","16"
"1044","85.88","335","OJZVTY","10"
"1045","22.00","357","R2M68P","7"
"1046","80.95","178","97V1RO","2"
"1047","235.06","448","DIL55Z","15"
"1048","13.15","359","3JV4GV","12"
"1049","22.00","655","4R7Z3O","8"
"1050","102.87","88","07RUS5","14"
"1051","14.00","57","GNL9GU","11"
"1052","148.62","399","PJX240","9"
"1053","47.62","109","XDQXFN","8"
"1054","31.62","372","U71PF6","13"
"1055","26.00","575","93YXHS","10"
"1056","60.50","134","IESA4V","3"
"1057","14.00","327","2QKAI2","12"
"1058","46.53","382","DF0SIJ","1"
"1059","198.30","39","2ANP94","13"
"1060","9.49","179","BIK4ZB","3"
"1061","62.09","125","KYRDCZ","13"
"1062","21.44","30","UBMS9Q","10"
"1063","42.00","544","XGV4SC","7"
"1064","47.05","9","C12BAB","5"
"1065","10.00","4","HF62C3","1"
"1066","14.00","321","X1769M","9"
"1067","22.51","34","FH8N78","6"
"1068","45.52","162","1P2QSN","2"
"1069","10.21","51","1SM1VP","4"
"1070","38.00","88","APL0IO","11"
"1071","203.67","557","5CMDFO","5"
"1072","11.05","278","GK1LOC","2"
"1073","10.02","155","0GIWT6","2"
"1074","98.85","9","J6UDDA","6"
"1075","21.68","263","A5B1QJ","3"
"1076","22.06","28","91CWO5","6"
"1077","39.32","18","8JR127","9"
"1078","130.87","354","K2RH68","14"
"1079","32.00","183","91R1Y2","14"
"1080","29.00","415","Y0HIA9","14"
"1081","22.00","546","OVLPA0","8"
"1082","92.60","648","ULXWBN","6"
"1083","26.16","50","F5U6UW","15"
"1084","32.00","7","XYQT32","15"
"1085","14.72","458","1EY3P9","11"
"1086","11.04","620","UF5KDC","2"
"1087","226.53","291","IWEEOT","5"
"1088","33.95","387","3DD009","4"
"1089","39.68","403","2QB6QM","12"
"1090","17.60","388","XSKBUG","7"
"1091","10.00","141","5YXMSQ","3"
"1092","22.64","422","NAGD9Q","4"
"1093","17.92","28","T2OH2N","8"
"1094","42.00","83","LS4A93","5"
"1095","101.55","308","104GZV","4"
"1096","36.17","282","J422LV","15"
"1097","18.17","133","IVMKB1","5"
"1098","56.71","609","9F7QT4","11"
"1099","14.00","218","DX6CFK","12"
"1100","104.38","179","RD89JK","11"
"1101","144.28","295","A4DPQ0","7"
"1102","27.74","149","1Z5ZWF","13"
"1103","62.15","333","AQ6XRV","9"
"1104","63.00","348","H2N015","8"
"1105","16.19","134","5S3BFU","7"
"1106","9.50","209","IQFX9Y","4"
"1107","28.96","120","R6DJDH","2"
"1108","11.28","600","EUPIOH","3"
"1109","18.00","548","2L03JH","1"
"1110","27.72","92","AHGNK2","11"
"1111","99.20","450","N98FJM","10"
"1112","12.32","432","KD0HM6","4"
"1113","7.26","437","WFH076","4"
"1114","14.28","342","A9OL5Z","3"
"1115","11.52","424","5KSLRX","2"
"1116","10.00","222","ZGQWCC","2"
"1117","91.23","287","8544PF","3"
"1118","17.70","471","Y5H3CK","4"
"1119","106.45","149","IVTTA0","9"
"1120","41.55","189","2XNU6E","13"
"1121","14.40","664","GTV1DX","3"
"1122","81.70","395","F8BY9Y","9"
"1123","14.48","214","SSDWMM","12"
"1124","26.34","429","2KD1G1","7"
"1125","8.19","376","2RLLMA","4"
"1126","45.74","16","51W3KC","10"
"1127","38.00","113","YG4AAO","12"
"1128","22.00","442","SVPTY7","6"
"1129","81.01","47","P5OFUS","1"
"1130","12.85","381","9OFT81","9"
"1131","22.00","230","Y3RY98","5"
"1132","9.21","225","TADVGL","2"
"1133","15.68","262","RK5E8X","9"
"1134","26.00","620","60TB6I","12"
"1135","39.68","241","011WYV","8"
"1136","72.52","45","A28PI0","5"
"1137","11.60","159","CTJC7D","1"
"1138","103.25","228","A53NDN","7"
"1139","99.65","22","I0N4BT","5"
"1140","32.00","33","9F7ZUL","16"
"1141","98.20","550","G0U6V7","5"
"1142","144.11","492","XA5DS7","12"
"1143","32.00","562","N1DTJE","13"
"1144","70.16","655","PHJJD6","3"
"1145","64.40","171","12388W","1"
"1146","12.51","233","F7ZIJ4","8"
"1147","48.48","284","W1JU4H","2"
"1148","10.00","582","GSI6IH","1"
"1149","21.00","398","9EVRZO","3"
"1150","10.00","476","Z7OTGN","2"
"1151","15.12","335","JOLCSM","2"
"1152","288.57","348","EVN5PZ","14"
"1153","183.80","205","L0PYWF","6"
"1154","36.32","655","OMLZ2C","2"
"1155","26.00","592","USHHFQ","9"
"1156","26.60","3","KFAFFG","16"
"1157","49.20","543","UWO3QK","6"
"1158","107.33","468","W7TQZW","9"
"1159","63.47","158","2MZHSU","16"
"1160","14.00","183","VAXY7Z","9"
"1161","62.00","209","ODVFIT","9"
"1162","85.43","70","NJ3G87","10"
"1163","32.00","515","N45PYI","15"
"1164","78.68","154","W752FH","15"
"1165","54.93","585","PCF5MD","3"
"1166","40.53","2","PJO6UJ","6"
"1167","17.68","173","G0R982","12"
"1168","87.71","56","ZTSRYK","14"
"1169","63.65","112","PPQ5BP","11"
"1170","42.60","143","RN42S2","7"
"1171","22.00","577","PFBIMF","8"
"1172","50.00","643","8V8IEG","11"
"1173","10.00","651","NLIJ9Z","2"
"1174","43.15","388","C6QF7U","15"
"1175","116.38","18","U256MT","12"
"1176","34.40","250","M8MNR6","4"
"1177","10.00","582","2RD0T0","2"
"1178","126.15","596","F2CJVV","9"
"1179","112.11","468","L128PQ","10"
"1180","66.91","153","NJUDAX","12"
"1181","47.12","453","KFZ4RA","4"
"1182","57.73","655","AM325Q","3"
"1183","68.88","345","EGATI6","13"
"1184","18.00","625","E67UFF","3"
"1185","322.61","288","FT68CL","14"
"1186","11.36","635","ZPVWUU","1"
"1187","75.86","193","YTCTH8","2"
"1188","30.32","393","4RK167","13"
"1189","92.72","665","LXX5HH","1"
"1190","16.35","200","4GHX6Q","5"
"1191","52.84","502","O297XC","16"
"1192","22.24","203","RRV60B","4"
"1193","37.66","373","OQA291","14"
"1194","18.68","155","D0WRKY","9"
"1195","36.44","366","PCSNPL","7"
"1196","37.57","417","VGRSFN","8"
"1197","211.47","457","94G7UL","5"
"1198","10.00","194","IXO28X","4"
"1199","7.54","259","Q7T32O","2"
"1200","14.00","33","GHQU3U","11"
"1201","174.79","80","IU56OX","13"
"1202","74.00","313","RHWMMJ","9"
"1203","14.00","446","BX0UWB","12"
"1204","14.00","636","9CFB7L","12"
"1205","61.40","412","JGUB0P","15"
"1206","75.92","129","TY8D05","8"
"1207","37.80","19","ZK5FFE","6"
"1208","127.77","605","867PEW","14"
"1209","9.57","104","VMAAC9","2"
"1210","98.88","400","KFSSHS","7"
"1211","71.60","222","NW4Q5A","7"
"1212","26.00","616","Y74E1N","12"
"1213","195.27","168","HRKGIQ","13"
"1214","16.16","346","NGCNTX","7"
"1215","37.80","269","X4YHGQ","13"
"1216","36.98","459","8WD6PD","1"
"1217","65.84","172","7NTLVU","9"
"1218","211.14","136","EFOEH6","16"
"1219","52.19","398","Y2V3G1","10"
"1220","92.00","647","LY8QYE","15"
"1221","31.64","356","C4V452","9"
"1222","20.90","269","L8H851","5"
"1223","59.60","288","N5QYVL","3"
"1224","30.76","497","0FFJU8","4"
"1225","39.59","175","K2M7KC","12"
"1226","21.92","397","GOWXW4","12"
"1227","35.92","114","DRZJAH","1"
"1228","184.52","257","SMT2SO","14"
"1229","107.31","102","K3LPHU","11"
"1230","10.00","414","4M6EHC","3"
"1231","60.84","400","VO4FLZ","5"
"1232","42.00","496","3HS071","5"
"1233","179.87","423","TEXZLZ","6"
"1234","22.00","86","AEQLFB","6"
"1235","24.23","429","6IFD11","8"
"1236","55.75","555","9K8EVK","9"
"1237","36.27","475","PNM00H","11"
"1238","92.56","487","NOMFZD","1"
"1239","10.00","202","596H7W","4"
"1240","21.88","233","9NSWKO","11"
"1241","88.05","227","8FSR4B","14"
"1242","42.00","286","YRV4E0","6"
"1243","16.85","371","TUULX2","5"
"1244","71.74","68","BZRQSH","6"
"1245","105.31","603","HIWTQZ","10"
"1246","13.86","237","F1TSGN","4"
"1247","14.94","398","T4PY4Z","5"
"1248","192.98","266","JRI6H4","16"
"1249","27.92","152","4WXKLE","1"
"1250","25.25","184","P4LJ5C","8"
"1251","14.00","629","ZK3H4A","9"
"1252","25.28","262","PGBE66","2"
"1253","10.48","275","A3Z8A0","3"
"1254","29.50","35","7ENKDO","13"
"1255","83.40","633","SXTRMH","5"
"1256","32.00","489","QD203Z","13"
"1257","55.64","223","LHVQ0Q","11"
"1258","252.44","28","BF8VCT","14"
"1259","18.00","660","9B0XDR","1"
"1260","57.44","107","QACN01","2"
"1261","70.37","373","TO5HVM","7"
"1262","38.00","312","GV0XEK","9"
"1263","41.57","44","FXV38F","15"
"1264","32.00","602","SQ5N7M","13"
"1265","67.07","291","41GF19","16"
"1266","92.00","542","3MGP3Z","16"
"1267","272.27","516","UPYDDG","15"
"1268","79.26","394","3G8HQE","6"
"1269","26.60","318","9SSVU7","15"
"1270","54.26","31","7CWSX5","3"
"1271","59.36","499","QSDE3V","16"
"1272","14.00","635","CAIRKI","12"
"1273","66.00","578","RFYKCK","1"
"1274","79.47","572","75YJ9Y","8"
"1275","29.27","156","VHXXII","1"
"1276","70.64","555","YOU5ET","3"
"1277","82.00","114","IL12NJ","7"
"1278","275.97","265","I8CRTY","13"
"1279","23.82","100","LJOLGE","11"
"1280","30.20","280","FXU1JJ","6"
"1281","32.00","464","75HZHR","16"
"1282","41.97","212","ACREFK","12"
"1283","14.00","370","O2VF44","11"
"1284","34.00","637","Q6TINU","1"
"1285","43.04","42","MS4TRO","4"
"1286","74.15","110","VRX3WY","2"
"1287","32.00","358","LYV3J5","16"
"1288","73.67","364","UE1EM8","1"
"1289","108.79","118","SGOVWX","9"
"1290","330.87","538","CQEV7O","13"
"1291","26.00","654","7OOKZ0","1"
"1292","95.68","5","7WAB2S","1"
"1293","216.27","472","B850IS","13"
"1294","15.83","246","04LZHW","6"
"1295","84.11","249","06FJ0P","15"
"1296","26.64","402","JFTXYG","1"
"1297","67.72","366","41NKQ3","1"
"1298","139.08","130","I6N9FB","11"
"1299","10.36","525","FUQT2X","1"
"1300","92.00","616","GTPQSR","16"
"1301","157.87","205","CW4387","11"
"1302","121.38","185","2Y6SLV","9"
"1303","24.76","124","8X1TEO","8"
"1304","126.33","654","MBNSY0","6"
"1305","68.19","447","JESOEW","15"
"1306","283.87","122","Z2270H","16"
"1307","11.52","519","ES41BZ","2"
"1308","14.00","570","T055B6","10"
"1309","206.11","254","5PR2NM","15"
"1310","295.94","459","N84UH6","14"
"1311","13.23","311","IY13Q1","9"
"1312","14.00","316","FZD382","11"
"1313","62.00","235","ZXFQ7B","12"
"1314","45.47","267","MKJCXC","16"
"1315","54.31","163","O5JSLH","12"
"1316","369.77","515","8J2T8L","13"
"1317","42.09","394","2ZPOR3","2"
"1318","48.80","206","VRIX7H","5"
"1319","26.00","31","C2CGKL","11"
"1320","70.67","570","O7BZHN","15"
"1321","61.60","37","OS3214","13"
"1322","17.20","650","PS0RGX","4"
"1323","36.02","383","YK3TA4","4"
"1324","41.76","543","10OPHY","3"
"1325","74.60","470","LFZVMU","2"
"1326","87.80","563","GBJS45","16"
"1327","14.00","636","2GM5MP","12"
"1328","62.00","530","SJQOYA","7"
"1329","56.00","615","QBBYZB","5"
"1330","106.59","123","YR6LNJ","9"
"1331","50.00","26","NXIFHW","10"
"1332","104.87","495","R334T1","6"
"1333","124.27","244","QX13YO","11"
"1334","66.72","492","UVXL8X","2"
"1335","57.97","334","NJOIA9","16"
"1336","101.31","581","DE1RHY","1"
"1337","92.00","614","E5BV2C","15"
"1338","146.37","322","ACIDX8","15"
"1339","15.40","47","P3M1C9","2"
"1340","132.83","67","L6BRKC","11"
"1341","42.00","274","KCSP36","6"
"1342","112.20","409","L6AM9F","9"
"1343","104.55","319","NM7VX8","10"
"1344","85.26","175","0NLI8X","6"
"1345","47.80","464","VRNSSX","3"
"1346","23.22","81","7K5C7Z","5"
"1347","9.57","104","FU3YEG","1"
"1348","19.85","94","1QRDJ9","2"
"1349","22.00","422","A6WEZM","7"
"1350","293.97","44","3QLL68","14"
"1351","85.84","296","HL0NZA","2"
"1352","51.97","654","0IQKCZ","16"
"1353","16.32","18","MG933B","6"
"1354","40.19","438","MPEZJO","2"
"1355","102.04","464","98FGAW","6"
"1356","14.00","561","7GJUMV","11"
"1357","171.94","2","ETU203","8"
"1358","69.01","267","D4C5WX","2"
"1359","93.15","565","0QK9YS","1"
"1360","92.00","440","5T10JX","16"
"1361","51.41","142","AL7Z8C","2"
"1362","149.47","458","PG1U7X","16"
"1363","65.92","44","FAWI2X","1"
"1364","41.77","88","4DLNZ5","6"
"1365","285.27","627","FI6G7H","15"
"1366","46.64","379","A0VB0D","7"
"1367","251.80","485","5UT7PI","16"
"1368","14.00","367","08FHH0","12"
"1369","149.67","533","FWJ9XQ","6"
"1370","52.31","159","6HYC4A","15"
"1371","90.00","172","CG7BJ0","8"
"1372","9.49","238","UQQU2A","4"
"1373","18.38","428","D50N4N","1"
"1374","62.00","183","BOQ3WK","14"
"1375","32.90","222","DAS5CJ","15"
"1376","103.97","253","R7DFTC","3"
"1377","52.27","599","VX3CYH","6"
"1378","74.45","484","MK8I1G","10"
"1379","14.00","123","6ZSSTA","11"
"1380","23.20","617","IPRU9B","7"
"1381","34.87","385","BVJTLP","6"
"1382","42.00","593","CDHGUE","5"
"1383","52.00","261","R27H58","5"
"1384","70.85","86","0GOLHN","1"
"1385","23.97","237","2N2JR0","9"
"1386","230.20","632","CMCVGX","7"
"1387","57.33","202","ELNDWV","3"
"1388","34.95","124","GKUH84","5"
"1389","30.61","309","KC0IS0","9"
"1390","246.23","495","0K45AS","7"
"1391","56.72","60","IFQAY7","14"
"1392","61.73","169","X299PB","9"
"1393","10.00","491","MY7E70","2"
"1394","92.20","554","8DCYD7","8"
"1395","12.52","371","HZQK3M","12"
"1396","32.24","230","X3K9UA","3"
"1397","82.40","615","0INBI7","13"
"1398","22.00","251","AWKDOR","6"
"1399","81.68","111","ELEYR6","3"
"1400","40.08","626","O33BHW","4"
"1401","24.59","297","MM1YVW","12"
"1402","62.00","633","04OND8","14"
"1403","256.07","266","Q2Y1Q8","13"
"1404","9.80","301","ETC55B","4"
"1405","35.95","521","JZP5DB","9"
"1406","48.19","251","HDE660","9"
"1407","121.03","127","RZHFX4","11"
"1408","68.25","501","G1XBR6","6"
"1409","83.14","212","Y3DE2E","12"
"1410","22.00","111","TMC85J","7"
"1411","13.45","409","IRXOTH","12"
"1412","89.47","662","5H3B0O","2"
"1413","134.99","7","OG6EFV","12"
"1414","90.24","153","3D7R4Z","1"
"1415","22.00","26","O4Y32C","5"
"1416","22.00","249","1ZVHUV","6"
"1417","25.76","139","3TREAK","13"
"1418","264.27","359","QI1CQ8","8"
"1419","26.88","126","2LI2PK","2"
"1420","14.00","629","BQ56VY","9"
"1421","260.87","291","HCXOTZ","16"
"1422","43.88","592","LVT6JF","10"
"1423","16.16","33","87WNCO","1"
"1424","17.10","89","MG706L","11"
"1425","17.67","314","RPE3LM","11"
"1426","162.63","63","9HWUDK","15"
"1427","41.07","560","JAG32J","16"
"1428","34.16","29","IEN9HB","7"
"1429","69.83","379","LFQHI7","9"
"1430","145.39","96","67X2Q6","11"
"1431","14.00","30","SN2V7U","11"
"1432","35.83","37","AULSB5","4"
"1433","89.28","590","VV6B6B","1"
"1434","106.25","207","VKWCKZ","9"
"1435","46.20","421","XA71ND","7"
"1436","10.00","387","UO3NWA","2"
"1437","50.88","564","3T163F","1"
"1438","340.35","462","S7DUAS","13"
"1439","107.17","99","QX5W67","16"
"1440","50.37","329","MVTHWB","5"
"1441","80.30","579","I7YI1G","15"
"1442","291.63","397","9NYFYY","16"
"1443","26.08","459","K6ELRY","15"
"1444","101.28","107","VZMQ5V","4"
"1445","170.93","558","VWBC76","6"
"1446","74.17","33","MCEVES","14"
"1447","245.53","613","GZ2FKH","5"
"1448","22.00","86","XJCE1E","5"
"1449","47.68","640","ST1VOD","3"
"1450","42.71","284","L8G4DJ","11"
"1451","10.00","402","BI3JJM","3"
"1452","46.51","214","HUQET4","11"
"1453","86.03","74","6JRC1E","11"
"1454","14.57","18","54F8Y6","11"
"1455","13.15","359","B1VMYY","9"
"1456","105.07","570","S2C3XG","7"
"1457","18.68","127","OMP0NG","8"
"1458","67.76","239","9TBMGT","9"
"1459","28.00","454","ZF4J2I","2"
"1460","242.77","617","8EB916","16"
"1461","22.00","665","3MBYHG","7"
"1462","42.34","97","CCRUOI","13"
"1463","47.60","616","FPPM22","5"
"1464","14.00","1","OJ2BM0","12"
"1465","75.13","402","BV57Z0","16"
"1466","217.17","492","F4C2ON","16"
"1467","100.83","211","WAA0YM","12"
"1468","32.08","240","2S584J","9"
"1469","42.00","603","1UXNZ7","6"
"1470","21.10","31","NTXCKQ","6"
"1471","13.71","10","AK5RDG","11"
"1472","9.07","478","II8E44","1"
"1473","22.76","428","KSDXAC","1"
"1474","22.57","388","NZU2TM","15"
"1475","22.00","570","ER8G1M","6"
"1476","79.70","291","8FVL6C","13"
"1477","26.00","344","3FIPFY","9"
"1478","62.00","608","1RHDQS","6"
"1479","92.74","414","OMDNBO","13"
"1480","92.00","272","UUDHEZ","14"
"1481","22.11","179","9QYN6B","4"
"1482","20.64","628","VW0VC6","4"
"1483","44.27","568","YFCKHI","14"
"1484","314.90","9","KEAXTC","14"
"1485","73.99","535","97FRH0","11"
"1486","10.64","45","K6F92P","4"
"1487","47.57","424","4PDSH8","3"
"1488","10.00","498","T29OWR","3"
"1489","26.00","589","D8NSVV","11"
"1490","102.77","566","V77PJO","16"
"1491","120.79","234","RVGL0F","8"
"1492","70.77","84","FNO8NA","14"
"1493","58.35","547","57RYBV","2"
"1494","40.67","633","IBM0G6","14"
"1495","10.00","483","A62M96","3"
"1496","101.51","454","Q06PTH","12"
"1497","44.98","20","LKJJ3R","13"
"1498","37.80","359","44FQ3J","7"
"1499","78.40","146","8ZD2FU","5"
"1500","12.56","307","QNZ3CG","9"
"1501","38.99","16","D3T1SY","15"
"1502","22.00","423","QN2ZKZ","8"
"1503","84.22","504","S9ELFA","10"
"1504","25.96","426","2ABP73","15"
"1505","29.88","359","UJ5X9K","16"
"1506","30.94","292","IG77XV","6"
"1507","226.73","5","HDACC3","6"
"1508","47.65","310","7UQ5K1","15"
"1509","42.00","385","JE3MJI","7"
"1510","42.00","191","AIKTS3","5"
"1511","21.70","87","I0OUPG","7"
"1512","10.00","224","9TESX6","4"
"1513","20.88","577","XAHCQB","2"
"1514","10.00","168","3NQ11Y","1"
"1515","43.85","381","BDKO6X","8"
"1516","19.44","518","8HSMEV","6"
"1517","18.72","69","JL9VJ1","2"
"1518","16.39","152","3DW9QZ","7"
"1519","343.24","424","KFBBTF","13"
"1520","7.81","219","GCIEQ7","1"
"1521","27.58","243","1FETF1","2"
"1522","24.48","460","75IJWL","1"
"1523","35.15","301","MYB3B6","11"
"1524","32.00","46","ZEDXQY","14"
"1525","31.70","345","79B7VG","14"
"1526","18.89","61","ZN5585","2"
"1527","64.33","332","1AYQBD","15"
"1528","122.38","240","Q156P0","16"
"1529","42.58","381","58WFGX","16"
"1530","53.60","347","R6VHPT","7"
"1531","17.36","18","PZGMN2","2"
"1532","12.62","257","FY3Y4F","12"
"1533","21.12","39","PV9K0J","4"
"1534","23.10","388","549I3B","10"
"1535","33.95","428","ZYY2UD","5"
"1536","22.00","505","J45Y2V","6"
"1537","14.00","547","VG1M53","11"
"1538","14.50","14","I4JZ29","10"
"1539","162.39","374","W2W9P3","16"
"1540","98.60","151","FLEQ7D","6"
"1541","64.22","496","YMSYZJ","9"
"1542","53.13","61","I35WKD","2"
"1543","89.95","500","CSIQ24","3"
"1544","245.80","19","79Q99O","7"
"1545","85.16","355","F47IS8","15"
"1546","32.00","335","IREEWI","16"
"1547","14.00","609","4UYRPF","12"
"1548","48.24","275","GB2F0M","1"
"1549","34.00","100","763MT3","3"
"1550","14.04","424","G82TF9","11"
"1551","42.00","194","BKRQRP","7"
"1552","8.67","127","R4NY8Z","1"
"1553","39.35","529","2DQR3I","9"
"1554","45.39","548","YRCMU5","1"
"1555","76.13","431","XU2EAS","15"
"1556","54.80","166","FFS5TH","16"
"1557","217.47","535","TAD72D","13"
"1558","255.35","317","ZWML61","13"
"1559","136.10","497","OBJ9VP","5"
"1560","81.94","97","VNISEV","3"
"1561","13.37","465","CK72IZ","10"
"1562","31.76","373","DDTCWT","9"
"1563","39.47","220","TYZGFA","8"
"1564","18.64","466","QP6LAS","3"
"1565","66.43","45","VM36HG","4"
"1566","13.96","73","0ONOLY","4"
"1567","10.00","119","2L95MP","1"
"1568","36.59","13","COM0E4","2"
"1569","8.77","203","JL1F5G","1"
"1570","19.52","416","2MK2I8","6"
"1571","13.37","465","CX1ITB","12"
"1572","61.68","606","0VHO1N","2"
"1573","14.96","44","VSFDN8","11"
"1574","55.39","583","GV3HNE","9"
"1575","45.41","173","RYJ72O","16"
"1576","10.00","446","5MLJJG","4"
"1577","201.13","640","NEFATM","5"
"1578","82.52","85","YAVQZJ","9"
"1579","14.00","593","XANN7P","12"
"1580","104.01","371","9AWX46","9"
"1581","44.87","457","1BE9O2","15"
"1582","59.30","111","61BHDR","14"
"1583","215.29","416","R1A6TX","6"
"1584","62.00","587","GDBHK1","14"
"1585","44.64","201","7ATVGH","1"
"1586","363.17","486","XDTUX3","15"
"1587","15.92","182","32KYAW","4"
"1588","36.49","86","OVCK3T","16"
"1589","30.80","132","ZE4UCO","11"
"1590","49.13","252","3DX67N","6"
"1591","89.97","315","HGVP0M","3"
"1592","60.43","285","MM3F5C","8"
"1593","51.44","192","GQ8MF7","3"
"1594","91.08","259","4KQ0YJ","5"
"1595","75.13","39","IWYXOI","5"
"1596","38.00","464","OTQ1DM","9"
"1597","269.71","484","3AHE09","16"
"1598","26.48","497","RPF4RA","16"
"1599","40.63","439","ZCRVGF","12"
"1600","126.53","617","VA4MT1","7"
"1601","50.00","615","WD21QV","2"
"1602","71.60","142","2L53U8","7"
"1603","39.06","169","VHLK3C","5"
"1604","90.40","324","MWUJFV","6"
"1605","75.60","153","J14NBR","6"
"1606","215.07","210","CCIGW7","5"
"1607","14.00","457","ILUWHB","12"
"1608","20.36","481","4R6KT0","6"
"1609","35.47","410","FILF06","8"
"1610","51.20","627","YPJWF8","5"
"1611","62.00","122","AWQHAH","16"
"1612","74.53","406","T0EC37","4"
"1613","32.00","336","PTXEB7","15"
"1614","14.00","479","5PM7FI","10"
"1615","71.68","535","6U9HXU","3"
"1616","130.27","548","2S6GI1","5"
"1617","91.88","88","BERY4Q","7"
"1618","95.43","490","ZV6PZ1","1"
"1619","50.80","219","KWS7GK","5"
"1620","31.70","345","2XOWF5","15"
"1621","75.89","325","TYJZDB","7"
"1622","62.00","627","J1KFKR","15"
"1623","85.62","52","IV0E7W","5"
"1624","22.00","40","5ARLOP","8"
"1625","23.80","618","F6A23X","7"
"1626","12.64","222","TZ40T0","3"
"1627","65.97","325","40LXB5","15"
"1628","50.77","32","7F067B","14"
"1629","10.00","188","59YC40","1"
"1630","7.11","437","1GA5R0","1"
"1631","13.11","429","I6X2OR","5"
"1632","8.42","134","5B4E6E","2"
"1633","165.66","374","GUNLDK","8"
"1634","20.92","65","9UBOR0","10"
"1635","10.00","589","FTTLF6","4"
"1636","14.00","102","VA2GBS","11"
"1637","62.31","45","7J4LVT","5"
"1638","52.27","470","8AHFT6","9"
"1639","33.60","580","U3HVZ3","8"
"1640","14.00","85","N7A5R1","12"
"1641","126.37","552","A5GJJE","14"
"1642","106.55","387","2GFP0Y","9"
"1643","54.40","67","94MQA3","5"
"1644","14.00","225","6KYNKG","12"
"1645","61.07","100","AHC8YN","7"
"1646","45.56","324","LER264","10"
"1647","19.16","85","0NRM2D","12"
"1648","32.00","168","9U1YX1","14"
"1649","8.53","197","I29IRT","2"
"1650","293.77","475","ARR2E8","13"
"1651","85.40","548","QI5XHS","16"
"1652","22.66","108","O1TZ92","12"
"1653","32.00","83","08VODR","16"
"1654","42.44","467","3PUIWD","12"
"1655","72.37","504","H64PYH","11"
"1656","54.69","328","IRNO4V","10"
"1657","93.68","479","DRC3W7","4"
"1658","64.48","161","FV1KP7","3"
"1659","234.87","265","XV0RNH","8"
"1660","85.53","251","K15IL8","6"
"1661","8.32","455","4CCXKT","1"
"1662","14.58","444","UAPBO3","2"
"1663","14.00","619","B1FU9P","11"
"1664","30.96","360","DWUXZU","2"
"1665","35.60","565","QVKJZ3","14"
"1666","12.89","62","PQC90R","12"
"1667","32.00","243","ZNNRRW","15"
"1668","100.27","430","DL5Y4E","4"
"1669","156.80","636","BSQ3I1","6"
"1670","51.90","169","CX1WUE","6"
"1671","187.07","85","KCW0T0","16"
"1672","68.48","145","ICI6S8","12"
"1673","54.56","244","8CRUPW","3"
"1674","38.00","557","3S8ZAY","9"
"1675","22.00","362","YC3ML9","7"
"1676","60.67","479","MM9V20","16"
"1677","82.11","489","FLRUC7","3"
"1678","10.98","353","317KIO","4"
"1679","26.00","622","RPNWOY","2"
"1680","42.00","576","37GQBO","8"
"1681","32.00","541","8WKXO2","15"
"1682","62.00","587","MQZXS7","8"
"1683","8.14","118","YK6PXX","4"
"1684","159.63","41","LF6PQ0","10"
"1685","18.88","447","AKESPM","8"
"1686","26.00","604","YQKVE2","3"
"1687","14.00","218","OQNBTT","10"
"1688","306.47","608","5778GL","16"
"1689","10.00","439","W8FEJM","2"
"1690","63.47","585","A76UI6","1"
"1691","22.00","588","S35FIR","7"
"1692","77.12","592","SUBZ3B","11"
"1693","81.95","645","JJHICJ","11"
"1694","90.08","286","1B7ECF","10"
"1695","37.40","466","F20WD8","16"
"1696","59.36","102","T6TX8T","1"
"1697","57.74","515","DRPLME","2"
"1698","10.00","589","LRK7PF","1"
"1699","38.00","525","GWX592","9"
"1700","85.71","568","UGUJ2F","10"
"1701","22.00","283","H1JPFD","5"
"1702","129.83","666","5FL5YD","9"
"1703","121.78","423","QA3HO3","12"
"1704","50.00","611","P1LHYP","9"
"1705","77.28","308","BJ1NXE","2"
"1706","80.47","634","ZDZODE","9"
"1707","50.35","343","W2EZWR","7"
"1708","49.27","360","18MMHE","9"
"1709","53.96","235","Y6NKXK","10"
"1710","48.12","203","MI2JNP","12"
"1711","54.96","481","M51JMY","2"
"1712","78.69","500","2BAL3I","4"
"1713","33.67","164","G5YQX9","11"
"1714","303.35","376","59OZ20","15"
"1715","46.16","549","FSABWH","3"
"1716","26.80","114","BOA082","5"
"1717","27.04","640","ZWL0UJ","2"
"1718","18.35","448","4CYC3J","2"
"1719","16.08","521","UL5IO1","8"
"1720","17.88","295","YLTRSC","7"
"1721","16.78","515","DKTH6E","5"
"1722","25.52","186","INUZJL","13"
"1723","146.95","306","IAOEKP","12"
"1724","12.72","52","SBX2P0","10"
"1725","14.00","545","ARVLGD","11"
"1726","242.94","497","LIBVBR","14"
"1727","60.30","389","JWTISQ","6"
"1728","34.64","228","CD8EEO","9"
"1729","9.60","51","PJ9XK2","3"
"1730","15.31","392","Z655MP","9"
"1731","102.77","93","TBQ8CX","2"
"1732","384.90","70","SYRMBJ","15"
"1733","54.47","389","RNI6W4","14"
"1734","271.25","189","LVXHQ0","15"
"1735","14.95","486","J7U27Q","6"
"1736","10.00","466","HIPJ6Q","3"
"1737","14.08","177","60IZD2","1"
"1738","50.87","184","G4GFWE","16"
"1739","23.48","420","PGTKIU","10"
"1740","33.79","138","P7JYHA","6"
"1741","10.80","391","NSVLYM","4"
"1742","10.00","309","CFOR8D","4"
"1743","71.65","527","IDGC4G","11"
"1744","69.77","321","E3WAG0","15"
"1745","63.33","521","OJR4U5","3"
"1746","38.88","67","127ED2","4"
"1747","39.67","580","HDYBO1","14"
"1748","14.00","23","U8HS23","11"
"1749","33.00","112","CDC3EU","7"
"1750","376.67","589","UP89ZC","16"
"1751","282.33","65","MPM8YC","15"
"1752","26.00","84","8473IZ","2"
"1753","54.15","140","L27VPT","11"
"1754","374.37","305","01VG8Q","13"
"1755","39.81","322","K6OD8R","3"
"1756","69.80","589","P3MS4Y","8"
"1757","18.72","180","ER0QDA","6"
"1758","87.17","134","9QDMUZ","2"
"1759","13.00","149","UXJ79R","11"
"1760","287.47","28","NLYAWL","15"
"1761","53.60","595","JTJHSW","1"
"1762","26.84","117","WZKBBT","14"
"1763","38.60","622","C03PRY","13"
"1764","38.00","398","7FAR8F","14"
"1765","14.00","519","L63QLI","10"
"1766","56.27","190","0B5U6K","12"
"1767","58.40","341","N66B2Z","7"
"1768","10.00","248","TTHDF1","3"
"1769","23.24","346","MPAT58","13"
"1770","26.00","146","R09COC","10"
"1771","29.72","145","EQGJJN","14"
"1772","7.08","524","PM3RXM","1"
"1773","32.00","252","U3ZK4U","16"
"1774","45.80","421","WRDC1V","5"
"1775","137.36","493","ZDK3ZD","10"
"1776","88.99","640","IUU2HI","9"
"1777","22.40","414","TBRIM2","3"
"1778","42.00","71","ETFTRW","3"
"1779","216.67","350","NUN36H","16"
"1780","92.54","345","7ONZC9","14"
"1781","70.57","444","EDSCV9","15"
"1782","234.67","98","G1H408","8"
"1783","58.72","26","BBC77K","3"
"1784","29.60","368","XWDX7L","12"
"1785","90.14","158","3NC9P8","7"
"1786","24.53","431","IGH23P","16"
"1787","10.00","176","KVF90X","2"
"1788","14.00","280","AC927M","12"
"1789","32.00","354","QRPX3H","16"
"1790","10.00","528","ZS5GED","3"
"1791","47.17","572","W74B1E","15"
"1792","38.88","622","3707PM","3"
"1793","35.03","228","PFV16J","12"
"1794","9.74","477","EBOGZ8","1"
"1795","48.59","140","OS3B7B","15"
"1796","128.47","628","2I4VUG","14"
"1797","44.15","631","N1UOF8","9"
"1798","56.93","46","5CHSPC","2"
"1799","18.88","526","X2BKAN","12"
"1800","50.09","197","ER7XGN","1"
"1801","37.35","320","YPC8ZJ","12"
"1802","52.09","349","7HNEPA","1"
"1803","241.17","71","Q0A65K","16"
"1804","29.05","471","J7ERQJ","6"
"1805","59.27","390","TUMMCQ","16"
"1806","72.26","441","B344MK","11"
"1807","40.33","167","F2P4U7","8"
"1808","21.44","260","8AEHY9","12"
"1809","47.20","498","1JWT3M","9"
"1810","77.94","245","A3298A","1"
"1811","16.30","61","J0W8UU","6"
"1812","29.10","473","3BU2KB","8"
"1813","32.00","567","ZF92QM","14"
"1814","20.24","172","XTU1HU","11"
"1815","26.00","614","2IIU03","10"
"1816","42.36","289","MUUAEA","7"
"1817","34.91","391","55E1CZ","9"
"1818","51.07","590","PD07GX","16"
"1819","147.09","371","KW8N3X","6"
"1820","26.00","562","PD3AWY","9"
"1821","26.93","494","Z2CB76","15"
"1822","14.00","458","S1SYWF","11"
"1823","80.00","78","58PY0Z","13"
"1824","18.84","163","7XYQEK","5"
"1825","32.00","191","GXOEAA","13"
"1826","14.00","578","8UIJS3","10"
"1827","26.24","338","5US852","12"
"1828","69.91","284","54R84Q","12"
"1829","80.56","442","U2R4CB","11"
"1830","44.47","351","RIS5BK","5"
"1831","81.75","454","U5GF3B","12"
"1832","26.00","569","YZE4QI","12"
"1833","16.80","232","SSY9ZL","7"
"1834","25.68","614","VTL06C","3"
"1835","36.59","8","RYJWM1","4"
"1836","96.92","189","QTAUNM","9"
"1837","41.90","662","7EBG7P","15"
"1838","227.07","574","JJWW87","6"
"1839","24.08","581","TSJBU0","10"
"1840","85.36","483","C7A599","3"
"1841","18.36","233","UFQ29U","11"
"1842","40.61","328","4WZSLS","5"
"1843","65.38","371","QTGEPE","13"
"1844","16.88","578","5UHGNJ","11"
"1845","10.00","537","AYKBLQ","3"
"1846","152.40","593","GHTQCF","6"
"1847","12.82","17","Y469ON","10"
"1848","71.38","122","KCR4V2","6"
"1849","164.28","249","USZVOK","15"
"1850","32.00","614","YTGJ2B","15"
"1851","8.91","155","6Q80U5","4"
"1852","54.08","165","RWL8BF","1"
"1853","26.00","326","H2N4R1","9"
"1854","62.00","664","1WO0DP","5"
"1855","50.00","574","WH3RZH","10"
"1856","10.00","313","DVEFKZ","3"
"1857","7.31","130","7AZ1XZ","1"
"1858","9.84","511","U2TNAA","1"
"1859","52.79","281","7QBWHG","10"
"1860","10.00","216","GVTVO3","3"
"1861","11.68","580","YCIIHX","1"
"1862","89.87","284","NCE3IF","14"
"1863","10.00","555","EHZH3G","1"
"1864","32.40","51","MVDVO5","2"
"1865","92.45","349","YPMK98","9"
"1866","27.12","326","ZP9T0P","3"
"1867","86.00","561","46YECH","9"
"1868","32.00","538","XP347P","16"
"1869","16.80","232","VR61OU","6"
"1870","47.84","173","44WSTG","8"
"1871","42.00","457","ABFWG4","6"
"1872","26.00","553","PYEV23","2"
"1873","54.53","550","58CVZL","6"
"1874","45.37","113","SQ4F8E","6"
"1875","240.60","602","565SBK","8"
"1876","32.00","312","7E5FGV","14"
"1877","10.00","493","OBTJUF","3"
"1878","82.00","573","KM347T","8"
"1879","163.73","626","PDW0Q4","6"
"1880","68.51","633","0JVDR7","1"
"1881","69.99","457","BZ68XB","11"
"1882","14.74","516","FP4237","3"
"1883","24.70","89","CXOXMB","10"
"1884","29.72","218","90PRPL","13"
"1885","41.00","475","AGPKXR","9"
"1886","53.80","464","K08J2F","4"
"1887","32.00","602","4Q6X1D","15"
"1888","42.00","480","S18VH5","8"
"1889","105.91","195","46WLKL","10"
"1890","83.79","346","BC9X2B","3"
"1891","20.64","258","TBMV4Q","5"
"1892","67.40","421","LWWJOL","5"
"1893","81.41","586","78V27I","1"
"1894","163.93","143","21D81Z","6"
"1895","45.23","329","SPKJOT","3"
"1896","125.73","383","KYUNW1","13"
"1897","290.92","294","15P0CG","13"
"1898","69.87","489","ZB7KGA","16"
"1899","143.11","128","1GOPFU","7"
"1900","10.00","622","60630U","3"
"1901","14.00","367","QJ5AKA","9"
"1902","29.00","415","CZJS91","15"
"1903","32.00","91","MBYH0K","13"
"1904","26.00","454","YU4KVZ","10"
"1905","45.23","641","CZSNP4","3"
"1906","14.00","57","7296XW","9"
"1907","92.00","334","RMU6LM","16"
"1908","12.80","648","BFT1MC","4"
"1909","32.00","166","ZNX5EH","13"
"1910","12.09","394","NT8UKV","3"
"1911","23.72","196","61LLNX","7"
"1912","38.00","654","T7DEC2","9"
"1913","13.27","375","DHOFF0","11"
"1914","18.32","262","OIMJXG","5"
"1915","37.16","70","QEZ6OG","2"
"1916","219.67","135","KFO5M9","14"
"1917","14.00","614","70LBD1","12"
"1918","18.88","458","S5132R","1"
"1919","18.49","477","V8EQXJ","6"
"1920","26.00","385","47ZWSI","1"
"1921","73.04","40","XUSTVD","9"
"1922","50.00","26","JNZN6Z","12"
"1923","20.94","353","NQIN21","7"
"1924","50.00","226","WC6657","11"
"1925","74.19","71","7OVXRH","2"
"1926","150.27","618","9VRAD5","13"
"1927","53.09","604","7RYU6I","4"
"1928","14.00","651","34XXCA","11"
"1929","14.00","323","QMCZW3","10"
"1930","40.67","656","QKSZLN","13"
"1931","339.87","603","7A6D8N","13"
"1932","309.10","494","NT83WX","13"
"1933","211.20","108","Q6XS15","13"
"1934","59.97","132","CMPPII","13"
"1935","92.00","548","1ZRNZA","13"
"1936","59.12","63","CHXFPJ","3"
"1937","52.77","93","ZY7AYO","16"
"1938","43.88","436","HVFDLD","12"
"1939","55.97","55","OMJYPL","7"
"1940","53.07","203","3XRG7H","14"
"1941","14.00","413","OSTJ7P","10"
"1942","33.67","111","4UBK58","15"
"1943","12.69","332","F1VIZR","9"
"1944","10.00","335","DOK0GN","2"
"1945","14.68","398","AZXOVZ","6"
"1946","50.27","336","EJWD1K","5"
"1947","25.28","264","DE9652","10"
"1948","84.83","555","JNNYMD","11"
"1949","75.56","328","8BMB9G","15"
"1950","177.19","203","DACM5Y","6"
"1951","14.00","649","NNJWFG","10"
"1952","28.40","364","15UM4P","16"
"1953","14.50","252","FQOB09","6"
"1954","40.67","43","4TZEQZ","14"
"1955","192.01","282","US13M3","13"
"1956","41.59","273","1UVJ14","7"
"1957","19.52","416","HBI76D","6"
"1958","42.00","360","AJQGOB","8"
"1959","92.37","90","F7URIS","16"
"1960","40.37","547","J93H5G","14"
"1961","15.68","546","U2Q6LH","12"
"1962","31.40","515","W7LMWA","11"
"1963","19.82","303","8IHIBG","6"
"1964","8.64","22","SS2N30","3"
"1965","62.00","187","47JMWH","5"
"1966","92.00","272","6AS114","14"
"1967","10.88","194","E8FP3X","4"
"1968","67.00","333","SL5HSD","7"
"1969","51.80","350","ZEGIKX","8"
"1970","45.36","275","8KDY6G","1"
"1971","22.32","92","GZTZJR","15"
"1972","22.00","658","QPVUCZ","8"
"1973","71.60","577","8DIUYT","16"
"1974","132.59","290","JJ9ODL","11"
"1975","22.00","351","IYCDLJ","7"
"1976","99.07","178","RGT8F4","5"
"1977","152.55","621","U33PV4","9"
"1978","18.00","401","Z328IE","1"
"1979","127.63","506","PTVRJ4","14"
"1980","42.57","148","GO75M7","5"
"1981","23.84","408","GEGEKS","14"
"1982","22.00","300","WEH38N","7"
"1983","62.00","351","PO0KDN","14"
"1984","87.31","185","8W36LV","9"
"1985","87.80","568","XOCVWH","10"
"1986","35.35","646","BAV01D","12"
"1987","149.30","493","OJJEYB","11"
"1988","31.44","416","7HSERA","8"
"1989","32.00","84","71ASOT","15"
"1990","25.04","399","A22BZ8","9"
"1991","150.60","112","6O0P92","6"
"1992","39.41","172","4B3DV1","3"
"1993","36.60","394","FWOY6D","14"
"1994","78.07","480","EG9R0I","13"
"1995","61.56","52","2H6O90","4"
"1996","94.47","265","LD2R2J","13"
"1997","34.00","567","S8764Z","5"
"1998","165.69","332","WPS9LY","8"
"1999","32.00","11","AFBXCG","16"
"2000","32.00","616","9FGUSH","16"
