employeeID,username
201,FQAX
202,CRZD
203,TEPK
204,IYHG
205,WJWL
206,BOYX
207,TSPU
208,SDAO
209,RFNV
210,RAKQ
211,OVFV
212,NZMB
213,XFVN
214,NCTL
215,JQTE
216,XLZA
217,IPWS
218,PNKK
219,XLNV
220,DKHE
221,RVCJ
222,DFGK
223,NWYA
224,WDSM
225,DXWC
226,ZMTL
227,TEZU
228,WQRB
229,OEBV
230,HADD
231,DBMW
232,CSLX
233,LHOF
234,WMSE
235,HVGA
236,GHQE
237,UAWQ
238,GZFU
239,VNUX
240,KOFJ
241,ZFEC
242,XDQU
243,CTUJ
244,HUQR
245,ZMIA
246,KJOF
247,ODXU
248,MKPX
249,JFUB
250,KZUO
251,GZUG
252,RZBG
253,RVZT
254,SEHF
255,HYYS
256,JADR
257,OXTQ
258,TZSU
259,JOXG
260,ZYCE
261,VMAO
262,LQLT
263,MDKR
264,NWLU
265,XMWL
266,NASG
267,ATCQ
268,ZXTV
269,LQPA
270,NAMQ
271,MIQO
272,GDKM
273,LKXD
274,CHCZ
275,VIRG
276,OLXG
277,VNMC
278,VPLG
279,QYWN
280,DWYR
281,OZNF
282,XHBP
283,MYHR
284,DONC
285,IUCR
286,AOAV
287,AOYG
288,FRUG
289,NFMO
290,CPFR
291,QVCK
292,MBYO
293,AJHF
294,QPWY
295,FDNO
296,GKFQ
297,KYQV
298,PRZH
299,PRLG
300,SXLF
301,QVBM
302,TCVE
303,KVAB
304,BYMQ
305,BOGP
306,PJUV
307,CVFF
308,NMFA
309,VCIG
310,GJAP
311,UBUU
312,LPJC
313,PXCZ
314,IFSI
315,QSQX
316,ZGKH
317,IIMW
318,ACIW
319,UZFU
320,UVUG
321,FIIE
322,COYR
323,VRKW
324,PWFG
325,KELY
326,MULC
327,GJQT
328,LIGY
329,SIQI
330,PQDD
331,LBLF
332,KRCW
333,UFJQ
334,LYVS
335,ACGC
336,SBVP
337,GUOV
338,VJQX
339,YDMY
340,TSMO
341,BURW
342,TTRC
343,TEQI
344,UXTG
345,DSCH
346,QFOR
347,SRNO
348,JNRV
349,HBUI
350,FPDW
351,ESZX
352,SEBW
353,BMCR
354,VFFO
355,KLFX
356,QCLX
357,RMUZ
358,ZNSQ
359,SENC
360,TZKT
361,AOMU
362,XNSM
363,SHWZ
364,HAQF
365,TWNG
366,SWSU
367,QJOH
368,TTYC
369,FLHT
370,XFJC
371,UUTH
372,OXSA
373,LHTP
374,AKAA
375,PQES
376,ASHV
377,TGYV
378,VVBA
379,RPVJ
380,HOPQ
381,EMDF
382,TPUO
383,BOQL
384,TWRV
385,GHPD
386,OTJE
387,KHEI
388,LCMN
389,CCHD
390,QLSF
391,ZYSR
392,ZXNY
393,QSZV
394,YIMD
395,MBPY
396,AQKE
397,HVZZ
398,ITYF
399,IKQX
400,LURA
401,IJPI
402,RVHR
403,EYLG
404,ZZEN
405,ZIOG
406,RPEN
407,XKCF
408,RWWQ
409,CBEH
410,TSZJ
411,PJZR
412,NJQU
413,FFPV
414,OHNE
415,HJSV
416,SVAU
417,CODA
418,RHXR
419,ZRCI
420,GMQL
421,DGJH
422,PJTC
423,KOYQ
424,VBXX
425,QXKX
426,TFXB
427,AAYV
428,ZJWS
429,UHPA
430,YTPT
431,PNWC
432,KKDD
433,AUXH
434,XXZL
435,JNTJ
436,THBA
437,HZYG
438,NPTL
439,NPBN
440,JMFX
441,MDGR
442,KOYI
443,SPZI
444,MXNI
445,LBHV
446,SJNY
447,OOSM
448,BIMA
449,UDRL
450,JZZP
451,MCAG
452,HYBF
453,GDGG
454,VQYD
455,QOGK
456,PNVQ
457,MAVP
458,REOH
459,UAWB
460,OPAC
461,RPWC
462,QTQO
463,IWLB
464,DJWX
465,XDQT
466,DQQR
467,CJVS
468,WMLB
469,YJZK
470,NWRE
471,RTUU
472,UPJD
473,PZEY
474,ZTRD
475,ENFX
476,VNOJ
477,NBIY
478,YBRC
479,PDOR
480,LWXS
481,MIXB
482,YZEJ
483,RNHE
484,TJZF
485,ENTC
486,JLWF
487,GPIR
488,HTIM
489,MXOH
490,ENPH
491,YJYS
492,TGCS
493,SKFD
494,LWVY
495,WQCX
496,CKSV
497,QTYU
498,CPQY
499,GBST
500,DYGL
501,TCVF
502,JFXG
503,XSXW
504,TYHJ
505,PGEA
506,XKWL
507,RGHN
508,ZEKE
509,DAYX
510,HJVT
511,AIHN
512,WGQJ
513,RKTE
514,QQMJ
515,HJTJ
516,QKXP
517,QUAI
518,LXOX
519,THYP
520,RYYS
521,EAME
522,PXVX
523,VRZK
524,PHZE
525,EVVS
526,AKMI
527,TGYG
528,ZGRG
529,QDGB
530,DRUD
531,ZMPO
532,NOCA
533,GTUG
534,HWPW
535,BGMN
536,FOXT
537,BRKV
538,RODD
539,CKZW
540,PYZL
541,XGEL
542,QJRX
543,TMBC
544,IZFG
545,HIXD
546,LEYR
547,KADH
548,GHEY
549,PUSX
550,RITR
551,DIKB
552,QRUZ
553,YXEX
554,DXPO
555,HLCS
556,ZOPF
557,OORO
558,LYRP
559,VDXF
560,WHXO
561,CRVG
562,HRZM
563,GXTK
564,HSRT
565,SQTO
566,RRAI
567,BSED
568,UFVR
569,OZPR
570,IWMA
571,GRJD
572,WPLQ
573,SNYY
574,MXFF
575,QNZU
576,DJGX
577,SSCT
578,WOSQ
579,PCXA
580,BHNX
581,GZDR
582,JBSL
583,EYQW
584,EEPH
585,IQLI
586,WWWI
587,KQQR
588,VODF
589,LAWG
590,WWME
591,HZMT
592,RWGA
593,MXVE
594,OCWD
595,UZJN
596,SHES
597,EWIU
598,KRGH
599,YUXG
600,VYSX
601,DTEK
602,ILPB
603,AJSZ
604,JRYI
605,NDSA
606,LLWD
607,SAFT
608,DRIY
609,WIYL
610,XUIH
611,PNGX
612,HKEP
613,YMSD
614,HUNY
615,FJYD
616,DZTA
617,TRQE
618,TOZD
619,VFDE
620,ZFQH
621,KGKY
622,OMIQ
623,XDVH
624,DURR
625,EELN
626,WAEF
627,FLCV
628,ZPOX
629,MJGV
630,MDJI
631,GGUZ
632,CXIZ
633,VFJQ
634,KBMR
635,FSRA
636,AZJL
637,AUML
638,CHHK
639,ZCBM
640,WDGO
641,KGZK
642,EXPI
643,YXNI
644,ZOBN
645,PRXX
646,ROEK
647,YMCY
648,TFXM
649,KVAL
650,LIPQ
651,SHIM
652,ZBZO
653,OXCO
654,BYFR
655,DTWJ
656,BZFT
657,HAJM
658,JOSL
659,HRIM
660,VKTH
661,BEGT
662,LCLY
663,IIEQ
664,IQAL
665,LNTW
666,WKVG
667,FXSB
668,AWRI
669,BMXI
670,RESZ
671,ROWD
672,FPZZ
673,DVFS
674,QMMC
675,BMLZ
676,TZLD
677,OPPE
678,NLOS
679,LSRA
680,TSYZ
681,SFOH
682,WDNO
683,JQBY
684,LJCR
685,DMXA
686,IOVD
687,LDKV
688,UAGI
689,VCKK
690,KGKH
691,UHQG
692,NCCX
693,FVEP
694,NTWC
695,VZCI
696,RGDL
697,RDGQ
698,ULJN
699,TNAH
700,YSYR
701,CQJJ
702,HUMK
703,NKII
704,ZTNA
705,RTJQ
706,GPWU
707,FERV
708,PNFL
709,VOPJ
710,FDAP
711,VSQU
712,HDGH
713,VWSP
714,ZBFD
715,FNBV
716,HDIK
717,GQVG
718,PKRT
719,ADEW
720,AEFN
721,CLCA
722,FNMZ
723,KVAL
724,WVMG
725,ZXVQ
726,TWKA
727,CGAU
728,TALU
729,CZJL
730,LENS
731,CFEE
732,UEAE
733,OLTB
734,SZDC
735,TXOD
736,WFRB
737,FUUY
738,WXWV
739,ETGH
740,IKLA
741,SXIU
742,NQTS
743,NZJC
744,AJMI
745,KWYH
746,RNUR
747,IPTH
748,PDEO
749,VGWW
750,JSJT
751,WZPU
752,IFWC
753,HLOY
754,VMCK
755,BXLS
756,DWTF
757,XULD
758,BDMT
759,RAGU
760,ACRB
761,MMVF
762,QFWZ
763,RYQS
764,SAYP
765,PJSA
766,EIHH
767,CCIQ
768,EFGA
769,CIPC
770,BCTC
771,DNND
772,KALB
773,LPHJ
774,LWIW
775,IFFE
776,LQXA
777,QCWZ
778,MPDC
779,VVLX
780,CDGO
781,WNHZ
782,OCBB
783,NZUX
784,MTSJ
785,DCUS
786,DJRL
787,OOTW
788,FXKD
789,IWCS
790,LBGA
791,SUBZ
792,FXOS
793,JRAH
794,MNIF
795,WZIC
796,RJQM
797,DIFE
798,CHRA
799,RVRE
800,JPOI
801,SGJE
802,EAEI
803,VKWS
804,NLBS
805,WLDE
806,RPQO
807,QLVW
808,KOZO
809,FBFB
810,EASJ
811,FTQL
812,ILZP
813,XATR
814,TXPA
815,AGAB
816,WJYO
817,DFSL
818,VHDW
819,KYXH
820,VEMD
821,EVSQ
822,QEVV
823,EADS
824,ZVPD
825,LZTG
826,YVQU
827,TEUQ
828,NIFQ
829,XLXY
830,FJLU
831,FYZO
832,ZASR
833,KOIL
834,DZUB
835,MAFA
836,AINN
837,HIYC
838,SSNH
839,QOMF
840,VPSG
841,NOCP
842,DURI
843,YCWM
844,NFGN
845,LGWF
846,HVPY
847,FHXD
848,ZIQH
849,CBFW
850,TBWS
851,MAWU
852,VUMM
853,ZDDH
854,EHVC
855,EFYH
856,ATYA
857,WECD
858,WKRS
859,RDDQ
860,LNCY
861,GMPG
862,TELD
863,UDVG
864,UVWZ
865,TWFW
866,SLQL
867,VRAL
868,RHGI
869,LRVG
870,MFQA
871,LXOO
872,CBHD
873,MWZN
874,AKVK
875,MUAF
876,ORVC
877,JJBG
878,BBBJ
879,ELAR
880,JVVY
881,DWNE
882,JOBJ
883,ICSW
884,UYXH
885,BBDL
886,PIJT
887,FASK
888,BLSU
889,WDCN
890,YSAM
891,XXIY
892,MXOY
893,PUHQ
894,ANLI
895,LFYM
896,JNLX
897,HBEV
898,VORD
899,LYUU
900,NVBG
901,IPVT
902,BAHQ
903,XVVH
904,EUKX
905,DUVN
906,XCRM
907,URJG
908,FFEO
909,PDBS
910,QONL
911,NLWZ
912,JEDA
913,YXCT
914,OJRQ
915,NDXQ
916,FWIV
917,PSGD
918,YYKF
919,BSXN
920,RRHV
921,OQRV
922,YNCY
923,XPOO
924,VDDX
925,PZKD
926,KULK
927,BZWS
928,OVXZ
929,VINX
930,WVLX
931,XLWI
932,JNWR
933,KNCV
934,VTNQ
935,MWZK
936,ZYAD
937,PUDU
938,ABPT
939,HCJH
940,RHUL
941,PSDC
942,IUHF
943,OSVS
944,RLGP
945,VIGG
946,NXHC
947,ISPZ
948,OFNU
949,NXOC
950,VZJY
951,GULQ
952,VPWA
953,WGSY
954,FQMX
955,DFYW
956,XWPJ
957,EKXA
958,KCLA
959,GRLL
960,TSIK
961,EWXL
962,GNUL
963,JPKR
964,MJON
965,UZWF
966,XKXC
967,CLNW
968,WZCD
969,DDST
970,ZXDS
971,BTSC
972,YJYM
973,ERWO
974,RPHZ
975,CRPU
976,EUHR
977,TJKN
978,MFOZ
979,KRSR
980,HANC
981,GZQL
982,BNCB
983,ABFJ
984,UCOE
985,MFCN
986,QGKF
987,IDLJ
988,HPJF
989,YOMR
990,RJDT
991,NQWX
992,NSIX
993,HCYP
994,KWXO
995,ZYKD
996,AORZ
997,BWFE
998,NLJK
999,SOJT
1000,DPJE
1001,GHWY
1002,SFLO
1003,JFXJ
1004,VHMW
1005,TNRU
1006,VEXW
1007,CWNR
1008,WJFG
1009,JBRK
1010,GYQY
1011,ZFRM
1012,LFWK
1013,KVHV
1014,TYUJ
1015,AYHF
1016,NQOS
1017,FYKK
1018,CEBB
1019,FYFK
1020,INAZ
1021,PZHU
1022,FCBG
1023,LYNT
1024,HIEZ
1025,OALL
1026,CPSP
1027,NRNH
1028,JZZH
1029,UUVW
1030,NSOA
1031,FDVT
1032,RLPJ
1033,FQFG
1034,VJXJ
1035,PSSJ
1036,DADO
1037,ZJWY
1038,YYXM
1039,SAUG
1040,WQTP
1041,WSCQ
1042,QSPO
1043,TXYT
1044,AVAW
1045,SDIM
1046,QZMI
1047,BZHF
1048,NQZU
1049,LVUS
1050,BHQP
1051,YNFC
1052,ACIC
1053,WIAN
1054,XBSP
1055,YLAP
1056,EHVS
1057,AFSP
1058,ARKN
1059,CLMC
1060,VQHZ
1061,GGWL
1062,QYWZ
1063,LSTS
1064,LBRJ
1065,EYZX
1066,PAPQ
1067,ZADX
1068,WLWT
1069,NVVY
1070,PVHY
1071,IJWC
1072,ITVB
1073,LHID
1074,FKMA
1075,BHFH
1076,WQTT
1077,EWKL
1078,IHBR
1079,RIMF
1080,UKTY
1081,TKNE
1082,MCCC
1083,WYKU
1084,UHWH
1085,NBCG
1086,GAPK
1087,IIZM
1088,BTBK
1089,YETJ
1090,XKFR
1091,WHJJ
1092,FDYK
1093,UHLD
1094,ZHNN
1095,ZXLQ
1096,UGCM
1097,NIBX
1098,YOXE
1099,NFAI
1100,MCAD
1101,MKJP
1102,ENWO
1103,MGTE
1104,WRJN
1105,KDZG
1106,EMVO
1107,YQOQ
1108,KNPW
1109,EHFO
1110,OBEK
1111,XWBE
1112,WGRR
1113,VHRK
1114,WYCN
1115,GUNF
1116,VHXD
1117,PWCQ
1118,YFLC
1119,SCNK
1120,HGEN
1121,RKYR
1122,CLVE
1123,NVVC
1124,GGVW
1125,INBW
1126,FPEM
1127,BIKK
1128,HILQ
1129,FQZM
1130,CEHR
1131,LVHA
1132,INPG
1133,BXAV
1134,SDUB
1135,BTRD
1136,IWFG
1137,YGDN
1138,LPPQ
1139,FDSD
1140,RIZX
1141,OSLZ
1142,HOJI
1143,PTTY
1144,UZZN
1145,GFAB
1146,MVGB
1147,GWZS
1148,YBSU
1149,HOOR
1150,MMME
1151,TMFT
1152,GMDH
1153,FYQL
1154,CXSG
1155,RBZM
1156,GHCN
1157,WWDQ
1158,DOYV
1159,JYQG
1160,DWAR
1161,SQUV
1162,VXPD
1163,WBQJ
1164,OICJ
1165,VQQV
1166,RTWI
1167,GZYW
1168,WKBY
1169,NDCF
1170,ZOWX
1171,XVKH
1172,CDRQ
1173,CDAW
1174,ESEM
1175,NCZP
1176,HQVG
1177,EEGQ
1178,KOAW
1179,IXOB
1180,OHUK
1181,QCPW
1182,IBZF
1183,LDNN
1184,TKKE
1185,UADA
1186,FFYU
1187,LKHR
1188,MWTW
1189,KUZW
1190,OYWC
1191,WPOY
1192,KMRK
1193,FJHE
1194,ZXEX
1195,YFYK
1196,GRSP
1197,ELUT
1198,YRVU
1199,RFQM
1200,OWCN
1201,BNXV
